,top 3,top 3 __aporte,SPY top 3,SPY top 3 __aporte,top 5,top 5 __aporte,SPY top 5,SPY top 5 __aporte,top 10,top 10 __aporte,SPY top 10,SPY top 10 __aporte
2024-01-16,300.0,300.0,300.0,300.0,500.0,500.0,500.0,500.0,1000.0,1000.0,1000.0,1000.0
2024-01-17,302.26008539433303,0.0,300.1675209127304,0.0,505.87275410459426,0.0,500.27920152121743,0.0,1007.1460904075878,0.0,1000.5584030424349,0.0
2024-01-18,304.6201321752211,0.0,302.64253617842496,0.0,510.0920599789709,0.0,504.40422696404175,0.0,1016.2971374745316,0.0,1008.8084539280835,0.0
2024-01-19,306.2986378704608,0.0,306.6021050303385,0.0,514.3631553834796,0.0,511.0035083838976,0.0,1025.675518755284,0.0,1022.0070167677952,0.0
2024-01-22,506.9632979361578,200.0,506.87930459339134,200.0,717.5272843352976,200.0,711.4655076556522,200.0,1527.2287258433553,500.0,1522.9310153113042,500.0
2024-01-23,504.43566211971984,0.0,508.9223883665542,0.0,703.1606658499849,0.0,714.3332192009526,0.0,1498.729237424995,0.0,1529.0695094593834,0.0
2024-01-24,503.3596845759017,0.0,510.5263887487192,0.0,704.2054197201375,0.0,716.5846248824145,0.0,1500.1673046565006,0.0,1533.888767038917,0.0
2024-01-25,505.64181201449514,0.0,512.1773348275059,0.0,703.7124437256787,0.0,718.9019244434969,0.0,1504.8677089444882,0.0,1538.8490740887535,0.0
2024-01-26,507.2613928182433,0.0,513.1631394001325,0.0,706.3051737085326,0.0,720.2856186372769,0.0,1504.9994312855083,0.0,1541.8109475467618,0.0
2024-01-29,611.0815491892656,100.0,617.3952811620607,100.0,1009.1701862260525,300.0,1026.2259339348923,300.0,1908.7328681262857,400.0,1954.5265188711912,400.0
2024-01-30,613.833032280724,0.0,617.433015749193,0.0,1016.0148972301342,0.0,1026.2886558459647,0.0,1897.5277685872368,0.0,1954.6459775931467,0.0
2024-01-31,605.3165033551094,0.0,606.8580052961183,0.0,998.1901395533155,0.0,1008.711019103825,0.0,1894.645324471407,0.0,1921.1680113719422,0.0
2024-02-01,611.6948814135748,0.0,617.0471998257709,0.0,1014.4958780025726,0.0,1025.6473579312876,0.0,1918.5435334593612,0.0,1953.4245762045387,0.0
2024-02-02,619.0302831781039,0.0,619.4875917779713,0.0,1020.1469764752815,0.0,1029.7037438265606,0.0,1921.4896793368387,0.0,1961.1502763071337,0.0
2024-02-05,808.837888614886,200.0,822.6487555518636,200.0,1413.1432982168576,400.0,1434.9581867177953,400.0,2223.413444350763,300.0,2271.1577684520985,300.0
2024-02-06,811.2513403200394,0.0,827.9721188216324,0.0,1418.3962491728414,0.0,1444.243806678046,0.0,2226.411184300167,0.0,2285.8544391306036,0.0
2024-02-07,819.6099960317457,0.0,833.6850013445609,0.0,1437.381436833295,0.0,1454.2088707357113,0.0,2252.151329909356,0.0,2301.626489394631,0.0
2024-02-08,809.6544962307078,0.0,832.6176535137507,0.0,1431.6872408018346,0.0,1452.34708039377,0.0,2246.033650239341,0.0,2298.679769666162,0.0
2024-02-09,813.9853269096468,0.0,837.3124664933061,0.0,1439.8561663802748,0.0,1460.5363109428429,0.0,2264.2547102829194,0.0,2311.641147043794,0.0
2024-02-12,1009.5341139962951,200.0,1035.3212799683588,200.0,1728.4371456140927,300.0,1757.063055332873,300.0,2652.176447432752,400.0,2706.1439057071343,400.0
2024-02-13,1005.9892205149653,0.0,1023.5203808504924,0.0,1720.2001128766917,0.0,1737.035529326311,0.0,2632.4535149600133,0.0,2675.2984745858357,0.0
2024-02-14,1020.4872954089388,0.0,1038.929741561955,0.0,1745.5968266292869,0.0,1763.1870428093878,0.0,2681.222244674669,0.0,2715.5757763152483,0.0
2024-02-15,1022.9609755245458,0.0,1043.8353324470083,0.0,1750.6664244626409,0.0,1771.5124126008482,0.0,2700.041481922333,0.0,2728.398109956343,0.0
2024-02-16,1007.0757048632738,0.0,1034.6131318200257,0.0,1724.563917783775,0.0,1755.8612439017618,0.0,2667.6913703358778,0.0,2704.2929336146763,0.0
2024-02-20,1206.6324541493036,200.0,1228.7732129054828,200.0,2126.084744803722,400.0,2145.95020858411,400.0,3355.4229090665112,700.0,3389.0284342885375,700.0
2024-02-21,1173.2870951161065,0.0,1225.5921522867686,0.0,2085.353660900805,0.0,2140.394750810004,0.0,3297.070346170616,0.0,3380.2548829327698,0.0
2024-02-22,1195.680461706097,0.0,1250.1177539555324,0.0,2129.6649705089635,0.0,2183.226674116899,0.0,3395.833960939023,0.0,3447.8979276789514,0.0
2024-02-23,1204.0906187319295,0.0,1250.3708351185542,0.0,2130.7070990041198,0.0,2183.6686593171553,0.0,3393.4473893625386,0.0,3448.5959403379643,0.0
2024-02-26,1513.0798326852196,300.0,1546.4386818915423,300.0,2544.258664394474,400.0,2576.801480777562,400.0,3918.9676823669406,500.0,3937.7508316113403,500.0
2024-02-27,1521.219379610255,0.0,1544.9026583406473,0.0,2551.1047946107306,0.0,2574.2420338322663,0.0,3924.777011489428,0.0,3933.8396011915784,0.0
2024-02-28,1525.877025457476,0.0,1543.7313866691065,0.0,2569.4858904378602,0.0,2572.2903660338848,0.0,3943.4323699974443,0.0,3930.857151222718,0.0
2024-02-29,1535.5511770839757,0.0,1550.1378754012774,0.0,2588.29033685959,0.0,2582.9653768474077,0.0,3978.246197679482,0.0,3947.170217255157,0.0
2024-03-01,1556.5639909925926,0.0,1569.5923814175947,0.0,2620.460438599337,0.0,2615.3820516872565,0.0,4036.677834459261,0.0,3996.707905455402,0.0
2024-03-04,1759.3275955403901,200.0,1762.454100244227,200.0,2719.941558102989,100.0,2703.4876689916287,100.0,4257.31395142136,200.0,4178.531450768997,200.0
2024-03-05,1749.6986186477168,0.0,1742.83435591092,0.0,2693.1692212323323,0.0,2673.392282753477,0.0,4211.707810620911,0.0,4132.015789032666,0.0
2024-03-06,1765.1045696704896,0.0,1751.5325254242443,0.0,2721.0174970207067,0.0,2686.734697752434,0.0,4251.138613332298,0.0,4152.637928849249,0.0
2024-03-07,1779.093835647032,0.0,1761.8523196113565,0.0,2747.081869738672,0.0,2702.5645774227883,0.0,4279.229815843861,0.0,4177.104713300734,0.0
2024-03-08,1754.1101356916938,0.0,1743.1839815865274,0.0,2711.4236445135,0.0,2673.928585345775,0.0,4224.23677924876,0.0,4132.844702467246,0.0
2024-03-11,1734.8072371125882,0.0,1742.8291539843153,0.0,2687.6370454305616,0.0,2673.38430334316,0.0,4276.767182379116,100.0,4232.003455994365,100.0
2024-03-12,1774.7273094722552,0.0,1763.44775474014,0.0,2737.395057797038,0.0,2705.011869069558,0.0,4355.842669998217,0.0,4282.070319666536,0.0
2024-03-13,1774.6961438107376,0.0,1761.2607543123422,0.0,2740.6769267073696,0.0,2701.657155498401,0.0,4364.752220497644,0.0,4276.759762778306,0.0
2024-03-14,1771.5684889725305,0.0,1753.3609620220045,0.0,2729.075981100941,0.0,2689.5393981953516,0.0,4332.525947924854,0.0,4257.577189318413,0.0
2024-03-15,1775.3124757300188,0.0,1752.8248287796498,0.0,2743.9932722962044,0.0,2688.717005368531,0.0,4348.995115329158,0.0,4256.275330367217,0.0
2024-03-18,1792.5658533674653,0.0,1763.3763537162654,0.0,2755.806530615415,0.0,2704.902344635661,0.0,4653.451173281779,300.0,4581.896941008561,300.0
2024-03-19,1803.9425756158284,0.0,1774.5842543452377,0.0,2779.4425253487593,0.0,2722.0945206710608,0.0,4678.177223852716,0.0,4611.019167525204,0.0
2024-03-20,1822.7328643589622,0.0,1792.7507921504127,0.0,2812.8321822119324,0.0,2749.9607845004307,0.0,4729.270729026987,0.0,4658.222479411987,0.0
2024-03-21,1841.404181548599,0.0,1786.521313300399,0.0,2836.5764179664643,0.0,2740.405177206645,0.0,4766.15674500731,0.0,4642.036014153563,0.0
2024-03-22,1852.80225478804,0.0,1795.42100967319,0.0,2847.4748632359124,0.0,2754.0567210387794,0.0,4786.830067578903,0.0,4665.160681500075,0.0
2024-03-25,1861.1447844089912,0.0,1799.5433133876409,0.0,2859.7804047476025,0.0,2760.3800614641063,0.0,5099.541862962595,300.0,4975.871934795123,300.0
2024-03-26,1847.3058294392408,0.0,1791.1336960036674,0.0,2846.3107427885457,0.0,2747.4802662890947,0.0,5078.759180213422,0.0,4952.618713373903,0.0
2024-03-27,1845.8010748234076,0.0,1807.1647731122775,0.0,2849.8558627053317,0.0,2772.070875075886,0.0,5090.339340403919,0.0,4996.945841304548,0.0
2024-03-28,1847.8582021129148,0.0,1809.9899927950407,0.0,2849.1734397837126,0.0,2776.404574644847,0.0,5096.617564741979,0.0,5004.757785159696,0.0
2024-04-01,1855.3699566512882,0.0,1810.2991286594338,0.0,2853.7788138582573,0.0,2776.8787685528264,0.0,5100.049451990206,0.0,5005.61256895969,0.0
2024-04-02,1846.809343766173,0.0,1808.0883791921724,0.0,2836.8588073171177,0.0,2773.487625530638,0.0,5064.540981864748,0.0,4999.499681235804,0.0
2024-04-03,1868.8607157625504,0.0,1804.8074838651937,0.0,2876.5856495785342,0.0,2768.4549497528633,0.0,5117.7308934166795,0.0,4990.427760122785,0.0
2024-04-04,1826.795379938216,0.0,1771.2977798540014,0.0,2818.0605281151593,0.0,2717.0532868254345,0.0,5006.412898669227,0.0,4897.770920750191,0.0
2024-04-05,1868.854484385356,0.0,1790.0159092184306,0.0,2880.136781006804,0.0,2745.7656555142494,0.0,5093.380670375089,0.0,4949.527949260382,0.0
2024-04-08,1867.2841009097615,0.0,1792.1035471653508,0.0,2981.827053009205,100.0,2848.967953631423,100.0,5182.975390994416,100.0,5055.30042441717,100.0
2024-04-09,1833.2408757879837,0.0,1788.6970370887902,0.0,2934.1760596766626,0.0,2843.5525087163146,0.0,5107.592719265995,0.0,5045.691084676139,0.0
2024-04-10,1827.5999465175726,0.0,1771.4983764130513,0.0,2915.7104439234645,0.0,2816.211212959123,0.0,5072.123597801308,0.0,4997.175809567738,0.0
2024-04-11,1863.5547078757277,0.0,1804.4050283294043,0.0,2974.0143737493436,0.0,2868.5240365787636,0.0,5178.666322999308,0.0,5090.001367366568,0.0
2024-04-12,1836.264016208019,0.0,1781.9646256129465,0.0,2927.249191201864,0.0,2832.849765241655,0.0,5092.72532893494,0.0,5026.6997922114715,0.0
2024-04-15,1818.7543458383723,0.0,1772.3996832768278,0.0,3000.1371795586806,100.0,2917.644051131531,100.0,5054.128352327269,0.0,4999.718283733466,0.0
2024-04-16,1830.8384364740618,0.0,1773.1427812341308,0.0,3010.637666661218,0.0,2918.867305319054,0.0,5084.029644902081,0.0,5001.814470320943,0.0
2024-04-17,1819.5039595755436,0.0,1763.3604942964769,0.0,2988.9369172555694,0.0,2902.7641477979805,0.0,5044.535564850521,0.0,4974.219859849961,0.0
2024-04-18,1793.228869422335,0.0,1751.8256238047213,0.0,2954.7923746956417,0.0,2883.7759666397546,0.0,4989.492603552549,0.0,4941.6814299222915,0.0
2024-04-19,1770.740005507207,0.0,1740.6484140103228,0.0,2929.0809518212645,0.0,2865.3765503159016,0.0,4921.960312414401,0.0,4910.151916180299,0.0
2024-04-22,1781.494740549202,0.0,1754.3597395007469,0.0,3051.4576132797033,100.0,2987.947513077699,100.0,5057.299241322106,100.0,5048.829854004093,100.0
2024-04-23,1827.0049461787119,0.0,1775.8781592808664,0.0,3131.7260343761423,0.0,3024.596728982339,0.0,5185.814641956888,0.0,5110.757198636259,0.0
2024-04-24,1830.5758902973446,0.0,1766.6952049440808,0.0,3104.4496645951413,0.0,3008.956729411263,0.0,5120.23256459648,0.0,5084.32979440461,0.0
2024-04-25,1827.0373060836066,0.0,1760.7184323150086,0.0,3100.7729028609665,0.0,2998.7773559844945,0.0,5129.162095289797,0.0,5067.12938367879,0.0
2024-04-26,1837.9150357566962,0.0,1772.473594491482,0.0,3117.6774567572265,0.0,3018.798225593035,0.0,5176.656274890246,0.0,5100.959283213607,0.0
2024-04-29,1860.8799209711758,0.0,1782.5298751018759,0.0,3151.8949633499246,0.0,3035.925635647024,0.0,5324.057893902173,100.0,5229.900012200267,100.0
2024-04-30,1831.7640757781633,0.0,1752.8459737386563,0.0,3087.176672735192,0.0,2985.369334530631,0.0,5234.346623349247,0.0,5142.808155693357,0.0
2024-05-01,1827.5126121410992,0.0,1755.2046674338415,0.0,3091.969166727698,0.0,2989.386556769581,0.0,5230.861428617441,0.0,5149.728506570797,0.0
2024-05-02,1847.0230534113061,0.0,1762.5323116658026,0.0,3124.5089386472446,0.0,3001.866674653407,0.0,5301.946842592365,0.0,5171.227639456827,0.0
2024-05-03,1864.4518626524618,0.0,1782.4663069066771,0.0,3160.3107705216053,0.0,3035.817369123073,0.0,5376.36813153596,0.0,5229.713504636221,0.0
2024-05-06,1904.972177274943,0.0,1796.6794998573137,0.0,3317.6605869995433,100.0,3160.0246474671562,100.0,5572.412833177778,100.0,5371.414672748026,100.0
2024-05-07,1891.236443781043,0.0,1797.0943997279192,0.0,3295.9906997712737,0.0,3160.7543790734053,0.0,5563.468498583912,0.0,5372.655071635456,0.0
2024-05-08,1900.008822502342,0.0,1800.1128386126284,0.0,3318.1678643017685,0.0,3166.0632509525085,0.0,5594.816235115138,0.0,5381.6791000809335,0.0
2024-05-09,1926.3111179735338,0.0,1811.0880200204563,0.0,3363.4647326051777,0.0,3185.366551158201,0.0,5662.2283028345855,0.0,5414.490878951212,0.0
2024-05-10,1918.9753765521236,0.0,1806.9901396903142,0.0,3345.885511780706,0.0,3178.159142799254,0.0,5648.709510909743,0.0,5402.239715327293,0.0
2024-05-13,1999.831167821155,100.0,1909.7080770284988,100.0,3415.7556257837896,100.0,3282.9394884199482,100.0,5714.69439286903,100.0,5510.365354039759,100.0
2024-05-14,2010.6969663812438,0.0,1914.3577217480815,0.0,3433.522289342057,0.0,3290.9325960789965,0.0,5751.486405870993,0.0,5523.781666972388,0.0
2024-05-15,2060.0539741578395,0.0,1934.2982816790354,0.0,3495.6484688160826,0.0,3325.211998468285,0.0,5860.397966959673,0.0,5581.319136654485,0.0
2024-05-16,2006.1452489749815,0.0,1916.9788628202493,0.0,3410.6770001046293,0.0,3295.438545252091,0.0,5727.107695910571,0.0,5531.344835985422,0.0
2024-05-17,2004.628989415298,0.0,1923.6231263436623,0.0,3412.018742105787,0.0,3306.860560666312,0.0,5733.794312463687,0.0,5550.516519847961,0.0
2024-05-20,2110.9608389007826,100.0,2024.4789354710574,100.0,3525.1804319141634,100.0,3408.331764361092,100.0,5867.804476305907,100.0,5652.98591348042,100.0
2024-05-21,2117.2971986279213,0.0,2032.180410014089,0.0,3537.7340913529383,0.0,3421.2976588722768,0.0,5882.50709168189,0.0,5674.4908678378015,0.0
2024-05-22,2110.6732519733355,0.0,2027.3855329490511,0.0,3524.404448335108,0.0,3413.225195622283,0.0,5851.106600216179,0.0,5661.102053545583,0.0
2024-05-23,2132.442388433539,0.0,2018.148266072008,0.0,3550.897102308247,0.0,3397.673702563364,0.0,5860.660665243862,0.0,5635.308680930009,0.0
2024-05-24,2196.8340355649125,0.0,2033.8544400664296,0.0,3628.2394826574537,0.0,3424.115988913611,0.0,5975.893122940507,0.0,5679.165289556307,0.0
2024-05-28,2180.941645197498,0.0,2026.0545813858316,0.0,3594.7553698628312,0.0,3410.984458803408,0.0,5924.2987243411835,0.0,5657.385615549327,0.0
2024-05-29,2168.116818124518,0.0,2013.7251473677463,0.0,3563.843775347493,0.0,3390.227116820664,0.0,5912.598558216805,0.0,5622.957933638571,0.0
2024-05-30,2177.5027641753363,0.0,2009.6354462648658,0.0,3584.877429049027,0.0,3383.341859616224,0.0,5941.18791484785,0.0,5611.538193813248,0.0
2024-05-31,2146.144794532042,0.0,2021.6529513594749,0.0,3565.1523567833156,0.0,3403.574050539364,0.0,5891.369381959888,0.0,5645.094871447533,0.0
2024-06-03,2215.027015179151,100.0,2120.012384995636,100.0,3626.1425075738075,100.0,3500.8120586255714,100.0,5836.188686815369,0.0,5640.513890938218,0.0
2024-06-04,2170.023869948261,0.0,2111.8100906541986,0.0,3566.0120029926707,0.0,3487.2674722155452,0.0,5739.935301304947,0.0,5618.69083202692,0.0
2024-06-05,2236.4326380952557,0.0,2141.9201077143684,0.0,3661.1986980254806,0.0,3536.98864910852,0.0,5882.175089368118,0.0,5698.801670381586,0.0
2024-06-06,2194.1061975758425,0.0,2143.325129951688,0.0,3608.5403071242704,0.0,3539.3087859274633,0.0,5820.5393606849,0.0,5702.539878470731,0.0
2024-06-07,2178.397070587662,0.0,2136.808474440822,0.0,3584.3159997985063,0.0,3528.5477232299945,0.0,5773.816042466631,0.0,5685.201637339855,0.0
2024-06-10,2333.8727363817898,100.0,2266.388583364622,100.0,3656.1828584191853,0.0,3577.393853917156,0.0,6093.5793845122935,200.0,5963.90259987244,200.0
2024-06-11,2329.875624613589,0.0,2274.9321304053205,0.0,3649.5382472621363,0.0,3590.8794639746657,0.0,6085.804870958518,0.0,5986.384570873421,0.0
2024-06-12,2359.2405150404825,0.0,2298.727215090967,0.0,3713.5631548534566,0.0,3628.438949727765,0.0,6183.626641564022,0.0,6049.000297259684,0.0
2024-06-13,2348.5264086636603,0.0,2287.843970824695,0.0,3680.840720619389,0.0,3611.2602313761918,0.0,6149.375956500654,0.0,6020.361515167732,0.0
2024-06-14,2337.0400051288816,0.0,2305.078651014699,0.0,3658.1857794127354,0.0,3638.464409617514,0.0,6123.5213427442195,0.0,6065.713823570443,0.0
2024-06-17,2444.716111941025,100.0,2431.3840818994586,100.0,3794.3614179414503,100.0,3779.9863655003287,100.0,6390.792326878836,200.0,6334.935416370508,200.0
2024-06-18,2465.2887383651187,0.0,2428.822242925886,0.0,3822.3858353231803,0.0,3776.0035655540746,0.0,6425.140966135688,0.0,6328.260582655201,0.0
2024-06-20,2437.4746644437496,0.0,2419.778072444611,0.0,3783.976042322493,0.0,3761.94291534213,0.0,6362.278026741249,0.0,6304.696129667272,0.0
2024-06-21,2433.188824273664,0.0,2426.7190720750796,0.0,3784.9223908921026,0.0,3772.7338406268,0.0,6371.4712930138185,0.0,6322.780801978574,0.0
2024-06-24,2535.6189869446935,100.0,2523.051883630109,100.0,3791.9317615340087,0.0,3767.0325931665952,0.0,6484.399629084801,100.0,6413.22599649494,100.0
2024-06-25,2543.5568859523814,0.0,2522.1559805869774,0.0,3790.713537720785,0.0,3765.694968686619,0.0,6480.756250169976,0.0,6410.948743013223,0.0
2024-06-26,2520.8025080740895,0.0,2530.75217560023,0.0,3765.493679595917,0.0,3778.529483506643,0.0,6450.215075808543,0.0,6432.799003678737,0.0
2024-06-27,2539.9642929619154,0.0,2541.745566256963,0.0,3802.6872013357597,0.0,3794.9431217603847,0.0,6500.681444147848,0.0,6460.742582329187,0.0
2024-06-28,2504.3084412917774,0.0,2525.038107760821,0.0,3761.626271551212,0.0,3769.998117215574,0.0,6445.0945739472245,0.0,6418.274685470618,0.0
2024-07-01,2591.623818065255,100.0,2623.9216027659145,100.0,3837.241228681368,100.0,3868.3311238677425,100.0,6611.005935494934,200.0,6615.436694343679,200.0
2024-07-02,2590.3766508637805,0.0,2641.1262989612715,0.0,3839.2006595628277,0.0,3893.6952436261354,0.0,6618.460197223173,0.0,6658.813210778401,0.0
2024-07-03,2631.254594233458,0.0,2650.1204115347873,0.0,3887.626868919566,0.0,3906.9548644787656,0.0,6680.220608979914,0.0,6681.489186420806,0.0
2024-07-05,2588.2132506887588,0.0,2650.047085017073,0.0,3832.428021070328,0.0,3906.8467624492,0.0,6602.628585731844,0.0,6681.3043154492625,0.0
2024-07-08,2697.410194679933,100.0,2749.34705765989,100.0,3849.61359890843,0.0,3905.8147431958446,0.0,6629.205673852036,0.0,6679.539404995813,0.0
2024-07-09,2691.742550693986,0.0,2750.7698655797126,0.0,3836.20508726903,0.0,3907.836031899464,0.0,6607.826236793064,0.0,6682.99611721398,0.0
2024-07-10,2713.9876054582696,0.0,2782.141435527948,0.0,3866.166642525033,0.0,3952.4035375112553,0.0,6658.485232190041,0.0,6759.213354714791,0.0
2024-07-11,2708.9918518300333,0.0,2753.4390837108094,0.0,3863.1428252848295,0.0,3911.6280127991467,0.0,6663.154327173647,0.0,6689.480983370661,0.0
2024-07-12,2709.753249489981,0.0,2760.7509233608216,0.0,3868.3655590660087,0.0,3922.015457710961,0.0,6678.577285517988,0.0,6707.245099737563,0.0
2024-07-15,2790.768415907547,100.0,2865.0923212563002,100.0,4055.4338161003457,200.0,4128.182993329645,200.0,6666.877479590645,0.0,6717.7925270748365,0.0
2024-07-16,2827.0556108072215,0.0,2877.8472456089958,0.0,4123.758905363914,0.0,4146.560991624274,0.0,6771.409085012588,0.0,6747.699045222346,0.0
2024-07-17,2693.7282813166717,0.0,2837.249625555364,0.0,3951.5208692422952,0.0,4088.0657021595453,0.0,6518.407340416351,0.0,6652.509655829923,0.0
2024-07-18,2670.126658192672,0.0,2805.7455444067673,0.0,3910.8543822137335,0.0,4042.6728849531914,0.0,6444.71920150898,0.0,6578.641920629124,0.0
2024-07-19,2684.5291346166277,0.0,2796.9934387070703,0.0,3923.2950717746135,0.0,4030.0623684831767,0.0,6455.667708822923,0.0,6558.120826132659,0.0
2024-07-22,2846.5546914239526,100.0,2926.446005425163,100.0,4098.549640605868,100.0,4172.499250580653,100.0,6866.097259377503,300.0,6927.178367885876,300.0
2024-07-23,2851.7261818906204,0.0,2924.3714781374274,0.0,4113.773206282098,0.0,4169.541409042713,0.0,6895.741706825187,0.0,6922.267762829589,0.0
2024-07-24,2751.926815715017,0.0,2868.4004899654683,0.0,3993.5755537474124,0.0,4089.738499380682,0.0,6718.649230947344,0.0,6789.779065694834,0.0
2024-07-25,2740.008232965789,0.0,2856.3959459932507,0.0,3990.314789513095,0.0,4072.622533244698,0.0,6690.983994729009,0.0,6761.363158766593,0.0
2024-07-26,2785.1457768761375,0.0,2885.256731159341,0.0,4052.2314850847956,0.0,4113.771969883351,0.0,6781.626227630784,0.0,6829.679405269046,0.0
2024-07-29,2885.6157807986488,100.0,2986.294086027466,100.0,4147.288325560832,100.0,4215.251020719011,100.0,6868.746556094909,100.0,6932.134923733756,100.0
2024-07-30,2859.892219370984,0.0,2980.58082883459,0.0,4151.1740766294315,0.0,4207.186572771107,0.0,6874.613201155082,0.0,6918.872643270382,0.0
2024-07-31,2964.4844971520643,0.0,3029.9794781402584,0.0,4268.579574277757,0.0,4276.914369468069,0.0,7047.740424340639,0.0,7033.542562632755,0.0
2024-08-01,2899.285937416521,0.0,2984.907291645231,0.0,4170.376235190537,0.0,4213.293515440949,0.0,6908.850576192175,0.0,6928.9157345004805,0.0
2024-08-02,2830.804101639054,0.0,2939.1939833805955,0.0,4050.1225684048413,0.0,4148.7676972288245,0.0,6721.944678012367,0.0,6822.800659570859,0.0
2024-08-05,2931.8873600959055,200.0,3021.3635316931895,200.0,4213.020240798037,300.0,4282.446190559053,300.0,6821.985219098578,300.0,6849.278840991979,300.0
2024-08-06,2980.565931680961,0.0,3038.0403863235074,0.0,4286.565306728576,0.0,4306.083773998768,0.0,6935.467137921851,0.0,6887.084429877777,0.0
2024-08-07,2943.5142560719814,0.0,3024.5744142932826,0.0,4217.825922611784,0.0,4286.997258914403,0.0,6804.290966077716,0.0,6856.557750008731,0.0
2024-08-08,3040.8527128753635,0.0,3093.9541909116783,0.0,4353.090708112913,0.0,4385.335362543655,0.0,6994.773522494245,0.0,7013.838206663618,0.0
2024-08-09,3065.653440246845,0.0,3111.1287707098977,0.0,4388.620804930602,0.0,4409.678415956404,0.0,7047.867595059685,0.0,7052.772113418278,0.0
2024-08-12,3083.696623363272,0.0,3113.307739473068,0.0,4400.963782321084,0.0,4412.766861415317,0.0,7362.384195772379,300.0,7357.711725778133,300.0
2024-08-13,3130.6893951226302,0.0,3158.015483673122,0.0,4466.658183480955,0.0,4476.135107847654,0.0,7453.246168364606,0.0,7463.369990640025,0.0
2024-08-14,3136.4992255771454,0.0,3150.4816834414846,0.0,4462.944384694505,0.0,4465.456785373719,0.0,7437.003036156689,0.0,7445.565284217599,0.0
2024-08-15,3188.053140458272,0.0,3199.760029729663,0.0,4531.693351223594,0.0,4535.303351046865,0.0,7546.520666207497,0.0,7562.025299305233,0.0
2024-08-16,3190.7840371921116,0.0,3218.765003597696,0.0,4536.339648380377,0.0,4562.2407841260365,0.0,7569.405989372186,0.0,7606.939946612345,0.0
2024-08-19,3202.950912584809,0.0,3234.1376907814833,0.0,4654.251670356959,100.0,4684.029855509967,100.0,7703.373545908143,100.0,7743.270373995028,100.0
2024-08-20,3165.0164546366377,0.0,3210.972403446654,0.0,4598.42331374272,0.0,4650.479367601832,0.0,7605.97725582789,0.0,7687.807341720257,0.0
2024-08-21,3194.601353365191,0.0,3210.0048392893727,0.0,4634.380208809432,0.0,4649.07803598483,0.0,7671.337777359396,0.0,7685.490770321529,0.0
2024-08-22,3159.2791791923396,0.0,3176.9785232614067,0.0,4587.821334179658,0.0,4601.245734121665,0.0,7590.528672528612,0.0,7606.418164603325,0.0
2024-08-23,3222.154705439289,0.0,3221.7660765128267,0.0,4683.882599235165,0.0,4666.1119385454485,0.0,7727.49871725376,0.0,7713.64988055777,0.0
2024-08-26,3184.367538838582,0.0,3193.7555258712678,0.0,4632.844025861503,0.0,4625.544013485142,0.0,7739.581410734292,100.0,7746.586172181871,100.0
2024-08-27,3199.286212600321,0.0,3204.7968648631163,0.0,4651.421593282773,0.0,4641.53528115134,0.0,7769.624142643869,0.0,7773.367396750804,0.0
2024-08-28,3163.45114330736,0.0,3182.42063837826,0.0,4604.012765090908,0.0,4609.12759696168,0.0,7679.844741283609,0.0,7719.092933577573,0.0
2024-08-29,3176.346311706347,0.0,3197.860779511335,0.0,4637.075335176726,0.0,4631.489688175903,0.0,7730.302704373835,0.0,7756.543634743996,0.0
2024-08-30,3224.121367910459,0.0,3241.353141785436,0.0,4706.405162139286,0.0,4694.480056198645,0.0,7844.2873193343075,0.0,7862.036158970991,0.0
2024-09-03,3179.524936796384,100.0,3278.378177011738,100.0,4516.0253990781075,0.0,4603.272864868948,0.0,7765.949997472745,200.0,7909.287776273013,200.0
2024-09-04,3177.42541250536,0.0,3277.172070850243,0.0,4510.586138132924,0.0,4601.5793336576035,0.0,7750.715456064031,0.0,7906.377971422892,0.0
2024-09-05,3144.91393782351,0.0,3259.882284975839,0.0,4468.146183495372,0.0,4577.3022070243405,0.0,7672.035834329975,0.0,7864.665305986761,0.0
2024-09-06,3065.443769273947,0.0,3196.1747255769615,0.0,4365.092473879424,0.0,4487.848439449792,0.0,7519.586168189826,0.0,7710.9669241640095,0.0
2024-09-09,3113.930131332405,0.0,3238.9258294034967,0.0,4627.909485344276,200.0,4747.876595312903,200.0,7812.475418307936,200.0,8014.106575741851,200.0
2024-09-10,3136.6220355799555,0.0,3267.678169565946,0.0,4663.9327006605945,0.0,4790.024075714735,0.0,7866.380091168357,0.0,8085.248778589482,0.0
2024-09-11,3212.305665114326,0.0,3306.1555518456457,0.0,4743.664735947869,0.0,4846.427300856923,0.0,7983.728746290127,0.0,8180.453750418634,0.0
2024-09-12,3266.577925466436,0.0,3337.0552841842136,0.0,4812.258613319644,0.0,4891.722600502219,0.0,8094.4633010762445,0.0,8256.909267206058,0.0
2024-09-13,3293.763567769741,0.0,3334.2053844102065,0.0,4858.892612461425,0.0,4887.5449894210515,0.0,8178.8725595655105,0.0,8249.857731690261,0.0
2024-09-16,3412.5404071811536,100.0,3435.9480915852114,100.0,4895.989791861285,0.0,4890.099589015019,0.0,8331.545609113315,100.0,8354.169729484098,100.0
2024-09-17,3406.3816461529536,0.0,3424.659920626317,0.0,4892.085214984989,0.0,4874.034072687225,0.0,8328.157020549963,0.0,8326.723652415301,0.0
2024-09-18,3414.361494670245,0.0,3416.4786819144256,0.0,4903.102189197588,0.0,4862.39039501915,0.0,8333.512167937432,0.0,8306.831775421015,0.0
2024-09-19,3479.953562958149,0.0,3477.3685358112007,0.0,5000.22915672524,0.0,4949.049867624404,0.0,8490.809244898443,0.0,8454.87946435524,0.0
2024-09-20,3516.2995411093416,0.0,3456.695907731024,0.0,5022.815487259983,0.0,4919.628232784719,0.0,8527.410049429946,0.0,8404.616003111674,0.0
2024-09-23,3537.29165628305,0.0,3465.6817779134904,0.0,5059.432954400389,0.0,4932.41707560625,0.0,8774.342878585578,200.0,8626.464262360783,200.0
2024-09-24,3553.314494802388,0.0,3490.959171655717,0.0,5089.208481357544,0.0,4968.3922910214515,0.0,8835.42924948215,0.0,8689.382483864147,0.0
2024-09-25,3525.5378641457214,0.0,3458.527634770986,0.0,5043.321688401454,0.0,4922.235177769494,0.0,8755.513662315567,0.0,8608.65681086886,0.0
2024-09-26,3537.192653098086,0.0,3491.0076107924197,0.0,5071.946366404382,0.0,4968.461230422215,0.0,8817.262541167422,0.0,8689.50305421897,0.0
2024-09-27,3529.9617928061402,0.0,3471.54927760639,0.0,5054.845242755671,0.0,4940.767800667279,0.0,8808.210593880154,0.0,8641.069116370398,0.0
2024-09-30,3651.73976843967,100.0,3587.7589595801537,100.0,5183.727734734072,100.0,5063.837694927933,100.0,8847.62117772478,0.0,8681.416802976262,0.0
2024-10-01,3652.1520200296354,0.0,3566.22240966561,0.0,5166.9630482045095,0.0,5033.44055997416,0.0,8827.844596486004,0.0,8629.304114132712,0.0
2024-10-02,3697.5307561911795,0.0,3591.170022452879,0.0,5221.259487381439,0.0,5068.6521400869515,0.0,8909.494637863705,0.0,8689.670662522822,0.0
2024-10-03,3714.174056348927,0.0,3589.601737149859,0.0,5229.399211471939,0.0,5066.438629557591,0.0,8909.250978312708,0.0,8685.87583167301,0.0
2024-10-04,3777.328910046787,0.0,3626.4642538818043,0.0,5311.524979665937,0.0,5118.46715317362,0.0,9032.88683322411,0.0,8775.073259862042,0.0
2024-10-07,3846.080152099142,100.0,3713.666370079958,100.0,5478.466940555527,200.0,5300.403953515781,200.0,9200.848376122041,200.0,8944.105805043704,200.0
2024-10-08,3872.5377815821626,0.0,3748.377738302834,0.0,5518.925929468123,0.0,5349.946441996381,0.0,9252.555377636581,0.0,9027.705708504214,0.0
2024-10-09,3870.421634993078,0.0,3774.340812803221,0.0,5529.929737706009,0.0,5387.002754818664,0.0,9268.776462611577,0.0,9090.235958185933,0.0
2024-10-10,3880.1770011038766,0.0,3778.9005729573,0.0,5541.099338263932,0.0,5393.510762899971,0.0,9279.420414525524,0.0,9101.217821713653,0.0
2024-10-11,3935.490918326889,0.0,3804.8162761917565,0.0,5616.1127106419535,0.0,5430.499464143778,0.0,9411.32808914251,0.0,9163.63398101342,0.0
2024-10-14,4168.4373924101765,200.0,4038.9113424944117,200.0,5860.605332737208,200.0,5679.162323489995,200.0,9573.591134690814,100.0,9345.749564388874,100.0
2024-10-15,4132.390195743643,0.0,4013.4845876550476,0.0,5804.424113515146,0.0,5643.409454499523,0.0,9493.34585386133,0.0,9286.913887442064,0.0
2024-10-16,4208.781934841165,0.0,4040.2072338893418,0.0,5889.011483911783,0.0,5680.984492129349,0.0,9613.643321423107,0.0,9348.748163618384,0.0
2024-10-17,4182.4260322266,0.0,4048.602031325649,0.0,5867.386365756647,0.0,5692.788518826344,0.0,9572.074005306102,0.0,9368.173119461819,0.0
2024-10-18,4185.775239145081,0.0,4076.53661290466,0.0,5873.168754016225,0.0,5732.067673473002,0.0,9617.689155622786,0.0,9432.81172662228,0.0
2024-10-21,4260.612837686657,100.0,4155.209175224707,100.0,5944.530536229073,100.0,5802.078904159297,100.0,9555.917132706338,0.0,9383.461573943798,0.0
2024-10-22,4222.729572904233,0.0,4172.501492879736,0.0,5880.287646609525,0.0,5826.224834541932,0.0,9478.243885036723,0.0,9422.51178571361,0.0
2024-10-23,4186.184131450288,0.0,4142.2470874010605,0.0,5858.16650269232,0.0,5783.979440776356,0.0,9418.83984958284,0.0,9354.190062478987,0.0
2024-10-24,4202.805472304077,0.0,4157.65998427684,0.0,5880.29029097705,0.0,5805.501063405644,0.0,9449.509553292155,0.0,9388.996090160908,0.0
2024-10-25,4163.254374279431,0.0,4139.466633901892,0.0,5833.391684986232,0.0,5780.09698626896,0.0,9383.98274419558,0.0,9347.911129826656,0.0
2024-10-28,4202.0963514874875,0.0,4162.870625147011,0.0,5888.518717475127,0.0,5812.776882310318,0.0,9586.434395566775,100.0,9500.762970315198,100.0
2024-10-29,4222.875405424364,0.0,4161.819729429711,0.0,5938.25034247494,0.0,5811.309476070416,0.0,9622.190279298988,0.0,9498.364550566988,0.0
2024-10-30,4207.894573471063,0.0,4147.748304115764,0.0,5913.761714106027,0.0,5791.661001944902,0.0,9536.291576405229,0.0,9466.249866109896,0.0
2024-10-31,4153.216857502735,0.0,4052.0074128001866,0.0,5833.578992580925,0.0,5657.974301145421,0.0,9429.357266664043,0.0,9247.744032788714,0.0
2024-11-01,4156.828541928255,0.0,4059.034025069607,0.0,5849.53310720757,0.0,5667.785830985892,0.0,9444.440833601358,0.0,9263.780605545217,0.0
2024-11-04,4166.489575166059,0.0,4054.611894451563,0.0,5857.524138007869,0.0,5661.6110393717,0.0,9559.28077849671,100.0,9353.688143249603,100.0
2024-11-05,4270.561327061587,0.0,4103.8181042298975,0.0,6001.254658609385,0.0,5730.319568754718,0.0,9800.545255019899,0.0,9467.203210279247,0.0
2024-11-06,4394.883123469947,0.0,4182.627834072162,0.0,6180.876622037071,0.0,5840.364635483655,0.0,10011.567616714829,0.0,9649.011396805568,0.0
2024-11-07,4518.804881528898,0.0,4294.0561190758635,0.0,6394.4372584760495,0.0,5995.956249403227,0.0,10348.838211109885,0.0,9906.068164603254,0.0
2024-11-08,4575.989428919808,0.0,4287.847007783238,0.0,6475.71136905188,0.0,5987.286227720729,0.0,10439.571106817231,0.0,9891.744206555031,0.0
2024-11-11,4738.503593937717,100.0,4424.087326629176,100.0,6760.281928464166,200.0,6237.88998329331,200.0,11025.793070776104,400.0,10375.347927335484,400.0
2024-11-12,4723.708112089425,0.0,4431.232030742272,0.0,6734.318812804176,0.0,6247.963897963217,0.0,10980.810449810622,0.0,10392.103652423695,0.0
2024-11-13,4702.3641704279335,0.0,4453.289118168129,0.0,6736.618483920991,0.0,6279.064026544813,0.0,10996.822097638124,0.0,10443.83182580975,0.0
2024-11-14,4661.522705988889,0.0,4446.685806185536,0.0,6681.244432555716,0.0,6269.753465827613,0.0,10863.36868641893,0.0,10428.345770894024,0.0
2024-11-15,4615.682954458144,0.0,4403.919865006863,0.0,6621.145312690401,0.0,6209.454195851897,0.0,10768.018820126043,0.0,10328.051295127703,0.0
2024-11-18,4637.384427257154,0.0,4420.427243076135,0.0,6749.036357941592,100.0,6332.729325998842,100.0,11104.938977211892,300.0,10666.764317315548,300.0
2024-11-19,4702.441241775551,0.0,4410.975789690629,0.0,6832.277321356549,0.0,6319.189119874772,0.0,11199.202742319156,0.0,10643.957375774504,0.0
2024-11-20,4703.6602316551,0.0,4407.187300220903,0.0,6840.879855256703,0.0,6313.761708213659,0.0,11245.663724882581,0.0,10634.81551638625,0.0
2024-11-21,4822.544612083694,0.0,4456.649586737696,0.0,6989.240351101968,0.0,6384.621662496693,0.0,11500.362376007062,0.0,10754.17107272904,0.0
2024-11-22,4857.319812642964,0.0,4503.27656156696,0.0,7074.449601357349,0.0,6451.419733055685,0.0,11672.294341716542,0.0,10866.684846620963,0.0
2024-11-25,4939.737791348864,100.0,4614.012003548864,100.0,7270.652958589704,200.0,6666.7993885794485,200.0,11910.238463296535,200.0,11092.590132052943,200.0
2024-11-26,5017.767731855373,0.0,4653.900393343933,0.0,7373.160014807988,0.0,6724.4342392241015,0.0,12043.656176070654,0.0,11188.486189255203,0.0
2024-11-27,4936.40736962843,0.0,4619.05767127389,0.0,7261.353788062622,0.0,6674.08988857778,0.0,11892.15011099105,0.0,11104.720469809581,0.0
2024-11-29,4937.494969829051,0.0,4616.154689529391,0.0,7264.1481805645,0.0,6669.89536179623,0.0,11863.292106855646,0.0,11097.741383793382,0.0
2024-12-02,5151.897747907383,200.0,4832.29447845699,200.0,7382.775279043716,100.0,6793.215789847034,100.0,12002.496570770883,100.0,11236.543203826355,100.0
2024-12-03,5195.750551542115,0.0,4854.723012422952,0.0,7459.3276717753915,0.0,6824.745712487292,0.0,12101.154536676258,0.0,11288.696314947905,0.0
2024-12-04,5266.65980354979,0.0,4880.4053281649685,0.0,7548.933633454841,0.0,6860.849785530914,0.0,12209.202376363039,0.0,11348.415450794451,0.0
2024-12-05,5246.348816349672,0.0,4870.838144585516,0.0,7513.555617457095,0.0,6847.4002859513585,0.0,12134.748446304962,0.0,11326.168861289461,0.0
2024-12-06,5209.524386483594,0.0,4847.130691897114,0.0,7469.918497953148,0.0,6814.072465666836,0.0,12084.807481225733,0.0,11271.041878119564,0.0
2024-12-09,5080.9831618459975,0.0,4831.358501070492,0.0,7272.045623815286,0.0,6791.899997444638,0.0,11927.17166833466,100.0,11334.366773894762,100.0
2024-12-10,5039.7157960717805,0.0,4821.017606866725,0.0,7195.33207675097,0.0,6777.362819278169,0.0,11795.342157515439,0.0,11310.107036669804,0.0
2024-12-11,5104.590976267738,0.0,4868.543459369225,0.0,7294.844707808842,0.0,6844.174428770358,0.0,11941.79736951063,0.0,11421.602683988462,0.0
2024-12-12,5094.611023839181,0.0,4855.497802993806,0.0,7270.684800325658,0.0,6825.834909257732,0.0,11901.223583446867,0.0,11390.99757485975,0.0
2024-12-13,5093.763210698207,0.0,4869.733554541664,0.0,7257.321429918154,0.0,6845.847458705283,0.0,11880.377787511266,0.0,11424.39464719659,0.0
2024-12-16,5195.15480179723,100.0,4973.7767631895185,100.0,7372.16862104819,100.0,6951.5313815189065,100.0,11883.734313950088,0.0,11433.880014458824,0.0
2024-12-17,5138.1098110352095,0.0,4949.848879405872,0.0,7291.857375065346,0.0,6918.088900495957,0.0,11770.205908224543,0.0,11378.873815908273,0.0
2024-12-18,4965.536187085735,0.0,4812.529366293404,0.0,7033.960504425606,0.0,6726.166152422303,0.0,11350.793248069975,0.0,11063.199246797732,0.0
2024-12-19,5072.886101036268,0.0,4878.357716413208,0.0,7181.280483409448,0.0,6818.170249799199,0.0,11560.56137135948,0.0,11214.52760202069,0.0
2024-12-20,5125.722833741446,0.0,4929.951222335617,0.0,7263.955917280249,0.0,6890.2792109726415,0.0,11694.342062902528,0.0,11333.132433787163,0.0
2024-12-23,5109.856801740332,0.0,4927.087949587713,0.0,7229.152365513541,0.0,6886.2773967962985,0.0,11637.442979196294,0.0,11326.550249140177,0.0
2024-12-24,5167.900141440967,0.0,4994.898626263732,0.0,7308.061897773246,0.0,6981.05206589767,0.0,11768.503933591886,0.0,11482.435641213075,0.0
2024-12-26,5175.471195745111,0.0,4998.244894182925,0.0,7322.059353995325,0.0,6985.72893169981,0.0,11795.433721432582,0.0,11490.12815089052,0.0
2024-12-27,5106.477631995753,0.0,4934.420094329103,0.0,7216.041886949042,0.0,6896.525069076412,0.0,11604.848053935099,0.0,11343.405622272754,0.0
2024-12-30,5162.955118924101,100.0,4975.211755259198,100.0,7256.474653312331,100.0,6913.7733400205,100.0,11491.781131135522,0.0,11207.29556405885,0.0
2024-12-31,5136.160404817377,0.0,4968.175063487528,0.0,7216.374183957645,0.0,6903.994843271795,0.0,11436.634375892572,0.0,11191.444523267484,0.0
2025-01-02,5225.506607550472,0.0,4981.960822922361,0.0,7338.399359933802,0.0,6923.15214164241,0.0,11611.508180661742,0.0,11222.498695061857,0.0
2025-01-03,5397.804648893318,0.0,5085.347302375513,0.0,7568.905678402571,0.0,7066.822546144527,0.0,11953.601634703655,0.0,11455.389854183706,0.0
2025-01-06,5426.665651001962,0.0,5096.208616485435,0.0,7603.708409491177,0.0,7081.915906512834,0.0,12079.366355190228,100.0,11579.856341929742,100.0
2025-01-07,5311.674449364821,0.0,4999.293581263521,0.0,7434.310622852656,0.0,6947.238505886395,0.0,11821.707752401528,0.0,11359.641223260447,0.0
2025-01-08,5357.6156085116445,0.0,5026.357541514545,0.0,7508.199358079939,0.0,6984.847776820664,0.0,11916.402666382908,0.0,11421.137287361269,0.0
2025-01-10,5318.630335590895,0.0,4972.660180084752,0.0,7444.048705908523,0.0,6910.227558798725,0.0,11834.242061963105,0.0,11299.123496700064,0.0
2025-01-13,5391.151318384665,100.0,5106.219918764636,100.0,7419.27048732291,0.0,6956.863649481253,0.0,11910.869761770193,100.0,11475.37958863646,100.0
2025-01-14,5466.473309256806,0.0,5102.873448317002,0.0,7527.0849571322005,0.0,6952.304320078761,0.0,12061.754802136595,0.0,11467.85895316057,0.0
2025-01-15,5531.037927234493,0.0,5174.733606006966,0.0,7614.251288158245,0.0,7050.20870469842,0.0,12187.018386634796,0.0,11629.352699985151,0.0
2025-01-16,5580.943497458671,0.0,5170.583686559435,0.0,7668.937616313442,0.0,7044.55473283428,0.0,12281.324963260846,0.0,11620.026446576501,0.0
2025-01-17,5604.576817867702,0.0,5219.109156295499,0.0,7707.203044207754,0.0,7110.667254788193,0.0,12338.947807805953,0.0,11729.079365134101,0.0
2025-01-21,5684.480628677505,0.0,5206.871720415637,0.0,7804.743493303483,0.0,7093.994613540876,0.0,12441.040478529561,0.0,11701.577764312533,0.0
2025-01-22,5743.599517432014,0.0,5243.563055635757,0.0,7883.703690212141,0.0,7143.983963843974,0.0,12537.833257809692,0.0,11784.03543475432,0.0
2025-01-23,5772.248900168415,0.0,5270.043108658082,0.0,7930.323295485933,0.0,7180.061164050408,0.0,12604.691900576707,0.0,11843.544947621505,0.0
2025-01-24,5738.644929861097,0.0,5251.704986966901,0.0,7887.3511570145765,0.0,7155.076769679863,0.0,12579.172253091325,0.0,11802.333070597646,0.0
2025-01-27,5353.591674215267,100.0,5251.908871865797,100.0,7459.236972866787,100.0,7119.111618050773,100.0,12064.726371309112,100.0,11678.057908055587,100.0
2025-01-28,5468.455607743617,0.0,5308.457776319161,0.0,7608.82758645819,0.0,7195.765263897251,0.0,12288.197849183625,0.0,11803.799118909628,0.0
2025-01-29,5488.013501961834,0.0,5292.773971786544,0.0,7614.231441886604,0.0,7174.5054214690035,0.0,12304.65803794067,0.0,11768.924869942424,0.0
2025-01-30,5615.754238998807,0.0,5323.123477532775,0.0,7773.406782653087,0.0,7215.645038364779,0.0,12560.427276088,0.0,11836.40953013597,0.0
2025-01-31,5549.047688697023,0.0,5309.0361732188585,0.0,7704.990055644055,0.0,7196.549297319946,0.0,12446.812054356315,0.0,11805.085232711926,0.0
2025-02-03,5582.497064028775,0.0,5350.231886059499,0.0,7754.486054658548,0.0,7252.391255939744,0.0,12751.467956944633,200.0,12096.687340032136,200.0
2025-02-04,5568.60756775072,0.0,5344.615255588523,0.0,7744.238442218562,0.0,7244.777753836838,0.0,12806.218005573208,0.0,12083.988334800435,0.0
2025-02-05,5629.851401431534,0.0,5342.786947494632,0.0,7813.419582036785,0.0,7242.299430295789,0.0,12899.357514790037,0.0,12079.854594087126,0.0
2025-02-06,5646.4243603198265,0.0,5346.89860093354,0.0,7833.233403847582,0.0,7247.87289329381,0.0,12932.329120123191,0.0,12089.150898838072,0.0
2025-02-07,5689.370326492542,0.0,5305.670173483102,0.0,7889.176961604942,0.0,7191.986589091411,0.0,12972.919604636632,0.0,11995.934865026786,0.0
2025-02-10,5877.039501931148,100.0,5480.092038690621,100.0,8089.0040331548,100.0,7392.867540791479,100.0,13268.169839012813,100.0,12264.200101721119,100.0
2025-02-11,5801.8810828658325,0.0,5489.631527932367,0.0,7996.932831642568,0.0,7405.736700629147,0.0,13138.595771144728,0.0,12285.54905062617,0.0
2025-02-12,5708.932231479994,0.0,5438.463400626774,0.0,7889.986929643715,0.0,7336.708811168554,0.0,13019.273239073627,0.0,12171.037077528712,0.0
2025-02-13,5719.331159130747,0.0,5481.581999450521,0.0,7973.128837629911,0.0,7394.87755859066,0.0,13144.551621983866,0.0,12267.534567050188,0.0
2025-02-14,5658.292407997042,0.0,5444.80027923566,0.0,7933.774774119192,0.0,7345.257518717043,0.0,13053.13633274326,0.0,12185.218727532216,0.0
2025-02-18,5789.927977909474,100.0,5548.445785028375,100.0,8047.032007296323,100.0,7450.175454630245,100.0,13207.53807689784,100.0,12293.37720592969,100.0
2025-02-19,5762.19610361988,0.0,5581.221927028554,0.0,8013.226993948012,0.0,7494.185618573113,0.0,13121.366512686443,0.0,12365.997448169519,0.0
2025-02-20,5701.848648099155,0.0,5572.577777053891,0.0,7905.379177791732,0.0,7482.578686386599,0.0,12895.428665741945,0.0,12346.845094450953,0.0
2025-02-21,5468.454183696767,0.0,5435.7681648413145,0.0,7569.256061626799,0.0,7298.877582626348,0.0,12336.61006670449,0.0,12043.723782017047,0.0
2025-02-24,5410.445853102106,0.0,5424.328503706309,0.0,7506.489195564525,0.0,7283.516977891364,0.0,12423.315719519465,200.0,12218.3775724857,200.0
2025-02-25,5386.305287646744,0.0,5404.306582903649,0.0,7469.928421390157,0.0,7256.632544178226,0.0,12348.457844656748,0.0,12173.277909379722,0.0
2025-02-26,5434.302294833177,0.0,5374.791884070118,0.0,7504.847425663219,0.0,7217.001682974948,0.0,12402.427341594275,0.0,12106.795627925,0.0
2025-02-27,5253.447758979471,0.0,5306.812176781024,0.0,7301.886653816523,0.0,7125.721932522173,0.0,12080.99911287312,0.0,11953.670364520016,0.0
2025-02-28,5365.423435203664,0.0,5438.187687552694,0.0,7459.1152557436335,0.0,7302.126396693321,0.0,12317.050161552881,0.0,12249.595582413736,0.0
2025-03-03,5393.120903956602,200.0,5533.302263429079,200.0,7353.116421143072,100.0,7261.2914957805715,100.0,12197.632428805957,200.0,12213.339663747125,200.0
2025-03-04,5326.856549375926,0.0,5430.680362109465,0.0,7235.793608237753,0.0,7126.62190719548,0.0,12017.798731157958,0.0,11986.8282464982,0.0
2025-03-05,5305.767302915663,0.0,5415.7256109592845,0.0,7210.5703366728,0.0,7106.996952299013,0.0,11988.168051947208,0.0,11953.819484878379,0.0
2025-03-06,5033.127711755716,0.0,5236.829034855394,0.0,6826.208687833488,0.0,6872.232949747953,0.0,11385.975314620628,0.0,11558.95136732064,0.0
2025-03-07,5032.174552530504,0.0,5269.591525046242,0.0,6830.940564123607,0.0,6915.226804064521,0.0,11438.574078596448,0.0,11631.266126551423,0.0
2025-03-10,4936.088024189355,100.0,5194.926242957183,100.0,6751.391764649183,200.0,6886.015481953334,200.0,11306.380372742451,300.0,11545.737500776355,300.0
2025-03-11,5016.041186629773,0.0,5161.812293097135,0.0,6855.421804042621,0.0,6842.122044252645,0.0,11425.55962271218,0.0,11472.141658445329,0.0
2025-03-12,5053.182605930541,0.0,5153.655060211495,0.0,6887.008600926487,0.0,6831.3094110575985,0.0,11449.15106405365,0.0,11454.012186490269,0.0
2025-03-13,4972.505766771807,0.0,5097.996549746527,0.0,6783.633407613515,0.0,6757.532547471936,0.0,11259.522492453922,0.0,11330.310997780623,0.0
2025-03-14,5143.773320392064,0.0,5217.970739443141,0.0,7010.112489033351,0.0,6916.561586393461,0.0,11637.27617804526,0.0,11596.953955990737,0.0
2025-03-17,5203.634872515043,0.0,5245.821240167667,0.0,7187.462725899336,100.0,7053.478179661601,100.0,11888.301946311874,100.0,11758.851768508575,100.0
2025-03-18,5110.331939549888,0.0,5171.109383711866,0.0,7052.4519076702345,0.0,6953.021373158571,0.0,11667.17008170153,0.0,11591.380250667493,0.0
2025-03-19,5242.621288770228,0.0,5217.724450602795,0.0,7226.815667067158,0.0,7015.699520603056,0.0,11938.292027981512,0.0,11695.870975123065,0.0
2025-03-20,5240.047184949209,0.0,5215.78338097785,0.0,7216.538951849919,0.0,7013.089578018677,0.0,11915.127122819844,0.0,11691.519940471464,0.0
2025-03-21,5251.663818629438,0.0,5244.034789143442,0.0,7237.289219861708,0.0,7051.07613568383,0.0,11956.485970915555,0.0,11754.847321573801,0.0
2025-03-24,5393.854037812501,0.0,5348.263200936725,0.0,7450.251894215655,0.0,7191.220603942761,0.0,12380.530402419643,100.0,12088.48213073575,100.0
2025-03-25,5403.071087215993,0.0,5377.093952717725,0.0,7471.900229343011,0.0,7229.986141173312,0.0,12415.655031187925,0.0,12153.647216040315,0.0
2025-03-26,5269.851330027912,0.0,5320.821709104906,0.0,7301.877039559243,0.0,7154.323051587945,0.0,12180.261016723662,0.0,12026.45713847442,0.0
2025-03-27,5214.2784341764445,0.0,5329.1324597128405,0.0,7200.849043552536,0.0,7165.497602794688,0.0,12067.000993336478,0.0,12045.24162166878,0.0
2025-03-28,5112.9999012166745,0.0,5193.316868689326,0.0,7052.701051096256,0.0,6982.881332837386,0.0,11801.693066257261,0.0,11738.262648592901,0.0
2025-03-31,5084.698516263622,0.0,5217.111010020362,0.0,7104.9040697302635,100.0,7114.87469460068,100.0,11901.769791997793,0.0,11792.043668989589,0.0
2025-04-01,5139.138674018525,0.0,5234.281484506882,0.0,7189.804312077654,0.0,7138.291059363436,0.0,11954.951736118259,0.0,11830.853459422155,0.0
2025-04-02,5238.85890034282,0.0,5278.575141767874,0.0,7323.670929675692,0.0,7198.696870275309,0.0,12153.819328135347,0.0,11930.968779889301,0.0
2025-04-03,4896.286076486118,0.0,4966.593739433182,0.0,6834.834904537023,0.0,6773.229867485107,0.0,11402.212725788184,0.0,11225.808718472677,0.0
2025-04-04,4551.986289256499,0.0,4618.655446450421,0.0,6343.019778265527,0.0,6298.726382458448,0.0,10602.991245133238,0.0,10439.376622800171,0.0
2025-04-07,4727.467522410086,100.0,4735.275871260495,100.0,6520.088524208001,100.0,6421.392612804628,100.0,10891.825960974238,200.0,10676.943156228563,200.0
2025-04-08,4708.206245496672,0.0,4690.651175260724,0.0,6497.449311703517,0.0,6360.878146270433,0.0,10825.03343158734,0.0,10576.324870091265,0.0
2025-04-09,5142.49564065386,0.0,5152.538102062491,0.0,7117.309765175958,0.0,6987.231790778663,0.0,11753.407253693287,0.0,11617.772210466563,0.0
2025-04-10,4985.955442310495,0.0,4939.525967198292,0.0,6886.87596933725,0.0,6698.37120769069,0.0,11415.872731364254,0.0,11137.479505803816,0.0
2025-04-11,4926.774303331225,0.0,4891.103970722987,0.0,6795.0731000673195,0.0,6632.707314199094,0.0,11272.398757807416,0.0,11028.299192357725,0.0
2025-04-14,5012.3491241524225,100.0,5001.41622262762,100.0,6777.146951671502,0.0,6646.691508573849,0.0,11364.129272228909,100.0,11151.550916310436,100.0
2025-04-15,5044.632313494114,0.0,4988.934973967444,0.0,6826.691569176641,0.0,6630.104404882966,0.0,11449.21167203416,0.0,11123.721742784872,0.0
2025-04-16,4997.593396720325,0.0,4898.342257359143,0.0,6755.978972631958,0.0,6509.710137856199,0.0,11321.782809096394,0.0,10921.729097714913,0.0
2025-04-17,4972.09910581155,0.0,4860.516777559333,0.0,6727.3219354828025,0.0,6459.4415170892125,0.0,11279.112935899298,0.0,10837.390433395582,0.0
2025-04-21,4791.191390619096,0.0,4744.823605975439,0.0,6500.921885692025,0.0,6305.6897022157345,0.0,11037.862178131443,100.0,10679.431840037516,100.0
2025-04-22,4882.951645634834,0.0,4819.226408963445,0.0,6630.0319375773615,0.0,6404.568191191935,0.0,11249.38764984532,0.0,10846.894264186958,0.0
2025-04-23,5077.054389015614,0.0,4963.541381857868,0.0,6886.3174424035205,0.0,6596.3572889594225,0.0,11681.611693394987,0.0,11171.711801045847,0.0
2025-04-24,5198.787240916459,0.0,5078.719388467731,0.0,7060.642730245097,0.0,6749.424469220224,0.0,11978.36631071549,0.0,11430.949187555298,0.0
2025-04-25,5246.089639606558,0.0,5095.365275147031,0.0,7109.997080357007,0.0,6771.54621808476,0.0,12038.794361864338,0.0,11468.414987545142,0.0
2025-04-28,5274.39978045819,0.0,5110.234320369879,0.0,7252.519684010231,100.0,6891.3066123859135,100.0,12225.374992976815,100.0,11601.881554096504,100.0
2025-04-29,5296.859902515048,0.0,5112.678105351926,0.0,7279.453177193658,0.0,6894.6021308592835,0.0,12275.402445249709,0.0,11607.429734889774,0.0
2025-04-30,5308.855731405503,0.0,5123.634377126606,0.0,7284.989402385763,0.0,6909.3769970189405,0.0,12247.789306366025,0.0,11632.304008638366,0.0
2025-05-01,5424.556089875804,0.0,5189.270726747024,0.0,7432.668641738375,0.0,6997.889613426581,0.0,12398.547771275218,0.0,11781.319710502352,0.0
2025-05-02,5572.476473944472,0.0,5279.541512579641,0.0,7656.186661491028,0.0,7119.622517304178,0.0,12742.154202526688,0.0,11986.26353486879,0.0
2025-05-05,5570.3914978700295,0.0,5236.874091216317,0.0,7651.3651985677225,0.0,7062.084200166257,0.0,12711.106686447889,0.0,11889.394714802596,0.0
2025-05-06,5571.959197574744,0.0,5197.629538191018,0.0,7644.430540454546,0.0,7009.161725225069,0.0,12642.924864669078,0.0,11800.296910807958,0.0
2025-05-07,5613.534355734804,0.0,5205.9664798450885,0.0,7680.290641880835,0.0,7020.404344945806,0.0,12692.55360217772,0.0,11819.224459630603,0.0
2025-05-08,5624.927783690141,0.0,5259.18642693697,0.0,7752.584658660157,0.0,7092.173064404165,0.0,12796.883765018112,0.0,11940.050919586472,0.0
2025-05-09,5656.533639798531,0.0,5290.847938579175,0.0,7773.738941110651,0.0,7134.86957709994,0.0,12861.37216716903,0.0,12011.932771741918,0.0
2025-05-12,5939.724397149379,100.0,5563.059800408518,100.0,8227.125833693459,200.0,7567.10251746146,200.0,13526.756956084562,300.0,12702.909290213944,300.0
2025-05-13,6092.9745609466945,0.0,5667.460262403966,0.0,8448.535974246872,0.0,7709.112315510347,0.0,13866.61205072963,0.0,12941.301406453142,0.0
2025-05-14,6045.137468028768,0.0,5629.055132340129,0.0,8384.726438872332,0.0,7656.872079594106,0.0,13777.122846148151,0.0,12853.60562373947,0.0
2025-05-15,6064.506861988602,0.0,5658.38348506823,0.0,8409.234447774928,0.0,7696.765710028479,0.0,13828.727759589425,0.0,12920.575136508163,0.0
2025-05-16,6127.470716356884,0.0,5688.748108174692,0.0,8476.79207827992,0.0,7738.068918010138,0.0,13964.87273710566,0.0,12989.91090976816,0.0
2025-05-19,6242.736550221089,100.0,5797.584184523804,100.0,8508.803386383137,0.0,7750.088112119995,0.0,14098.872658876517,100.0,13110.087553624466,100.0
2025-05-20,6219.50031534973,0.0,5754.497578655417,0.0,8460.39067420323,0.0,7692.490847241361,0.0,14022.48999527613,0.0,13012.655734207174,0.0
2025-05-21,6073.054420647289,0.0,5630.202399286121,0.0,8268.274129054498,0.0,7526.335676162475,0.0,13677.422669173155,0.0,12731.586821335706,0.0
2025-05-22,6041.171178613664,0.0,5610.934420953992,0.0,8217.738083890474,0.0,7500.578649603888,0.0,13596.684311057692,0.0,12688.016107245887,0.0
2025-05-23,6060.804845812538,0.0,5597.008497330165,0.0,8241.42308791049,0.0,7481.96276897288,0.0,13662.935005863372,0.0,12656.525391085035,0.0
2025-05-27,6116.273698568599,0.0,5659.874458289091,0.0,8335.736147117605,0.0,7566.000658062161,0.0,13883.464721787874,100.0,12898.684301776553,100.0
2025-05-28,6113.84923960164,0.0,5652.634968926089,0.0,8342.342701388236,0.0,7556.323061555706,0.0,13899.250952474564,0.0,12882.185722437449,0.0
2025-05-29,6148.411392354501,0.0,5727.1915688069275,0.0,8397.403520007516,0.0,7655.988749888273,0.0,13999.815532739258,0.0,13052.097979602166,0.0
2025-05-30,6100.807860259159,0.0,5648.035749044927,0.0,8330.274435670677,0.0,7550.17492153884,0.0,13898.795371278198,0.0,12871.704238136208,0.0
2025-06-02,6168.545535334886,0.0,5692.389020680071,0.0,8424.885016263257,0.0,7609.465438466692,0.0,14032.96783287888,0.0,12972.784015221157,0.0
2025-06-03,6174.281218151265,0.0,5674.802823106812,0.0,8412.167681718081,0.0,7585.956580912932,0.0,13979.613569368083,0.0,12932.705597892675,0.0
2025-06-04,6204.980368225662,0.0,5707.653266935082,0.0,8472.926448792912,0.0,7629.870360530131,0.0,14057.229916371412,0.0,13007.570775068738,0.0
2025-06-05,6202.91965179654,0.0,5661.382228788221,0.0,8467.353044326159,0.0,7568.016213826284,0.0,14010.853161600558,0.0,12902.12046556625,0.0
2025-06-06,6262.088468083438,0.0,5703.643121340063,0.0,8543.234847758988,0.0,7624.5096825796845,0.0,14115.3741388556,0.0,12998.431773414992,0.0
2025-06-09,6197.4170202349615,0.0,5731.800861443762,0.0,8567.88555884393,100.0,7762.150354952219,100.0,14169.686969616505,100.0,13162.602419411773,100.0
2025-06-10,6132.267924904245,0.0,5754.106076179551,0.0,8481.830228806028,0.0,7792.356643458039,0.0,14044.629548009536,0.0,13213.824483915394,0.0
2025-06-11,6168.237287263571,0.0,5732.974118270675,0.0,8514.153614008534,0.0,7763.739209156267,0.0,14084.536782392504,0.0,13165.296705818755,0.0
2025-06-12,6188.669653775535,0.0,5719.814884504215,0.0,8507.008921921211,0.0,7745.9186404518805,0.0,14037.25613639103,0.0,13135.077623474646,0.0
2025-06-13,6059.3776125198,0.0,5611.536663835676,0.0,8316.142269664624,0.0,7599.285522987958,0.0,13738.002681997476,0.0,12886.425724395529,0.0
2025-06-16,6165.204233719501,0.0,5686.282896876475,0.0,8461.488760945858,0.0,7700.508770856139,0.0,14159.498154459601,200.0,13258.074211781552,200.0
2025-06-17,6168.480591279136,0.0,5640.299711790977,0.0,8438.585519334547,0.0,7638.237173314399,0.0,14102.533318030815,0.0,13150.860326821221,0.0
2025-06-18,6226.151706311418,0.0,5673.193832526844,0.0,8496.992119458255,0.0,7682.783227358821,0.0,14188.305887162724,0.0,13227.555894339848,0.0
2025-06-20,6191.889594297201,0.0,5645.052149989859,0.0,8433.256022370582,0.0,7644.673045868953,0.0,14098.239653504288,0.0,13161.941059079949,0.0
2025-06-23,6264.997624238803,0.0,5706.717740248478,0.0,8653.035809920324,100.0,7828.182154940427,100.0,14307.601047434464,0.0,13305.719866217945,0.0
2025-06-24,6290.151710477266,0.0,5720.921852166447,0.0,8704.927686289126,0.0,7847.666625787619,0.0,14393.087783737832,0.0,13338.838016217891,0.0
2025-06-25,6238.908422400104,0.0,5717.62095731071,0.0,8624.266073759398,0.0,7843.138627841834,0.0,14251.738002020113,0.0,13331.141686338367,0.0
2025-06-26,6301.935314922293,0.0,5727.091468443165,0.0,8698.770130232637,0.0,7856.129788368729,0.0,14333.226564905617,0.0,13353.22302518392,0.0
2025-06-27,6367.76615596266,0.0,5751.375620049278,0.0,8763.803925400985,0.0,7889.4415396947325,0.0,14380.167826583756,0.0,13409.843684057725,0.0
2025-06-30,6388.9811928963345,0.0,5761.509798845175,0.0,8897.36974879147,100.0,8003.343085419608,100.0,14442.665779401168,0.0,13433.47242307549,0.0
2025-07-01,6262.828590385079,0.0,5730.465513142054,0.0,8738.896066047417,0.0,7960.219307451954,0.0,14193.612994468194,0.0,13361.089910427409,0.0
2025-07-02,6254.6684535645745,0.0,5747.487005223814,0.0,8721.562766869223,0.0,7983.863950212672,0.0,14181.027868516485,0.0,13400.777032807335,0.0
2025-07-03,6359.172399467385,0.0,5795.383560558635,0.0,8853.70358456702,0.0,8050.397303159704,0.0,14372.843083751697,0.0,13512.452110645367,0.0
2025-07-07,6355.663825180915,0.0,5761.698705398394,0.0,8962.852222650396,100.0,8103.605496490538,100.0,14371.076705411817,0.0,13433.912875502338,0.0
2025-07-08,6308.331019675465,0.0,5780.25201057185,0.0,8911.974420098386,0.0,8129.699999773194,0.0,14309.578383310267,0.0,13477.171556317995,0.0
2025-07-09,6335.399759670512,0.0,5820.851919052431,0.0,8964.437219215926,0.0,8186.8021945151695,0.0,14433.132548829575,0.0,13571.833853180284,0.0
2025-07-10,6287.135285766117,0.0,5833.98266172489,0.0,8907.291528458998,0.0,8205.270074203818,0.0,14372.448237930845,0.0,13602.449347337792,0.0
2025-07-11,6263.06899065605,0.0,5827.592112961185,0.0,8864.431664014075,0.0,8196.28201551921,0.0,14304.384455096817,0.0,13587.549214632514,0.0
2025-07-14,6420.695869814676,100.0,5949.029252584949,100.0,8967.16897121645,0.0,8226.432519973981,0.0,14671.647993276067,200.0,13837.53181190644,200.0
2025-07-15,6383.16652784465,0.0,5931.6345358850895,0.0,8915.669041236013,0.0,8202.378769847726,0.0,14588.432943258766,0.0,13797.07143837763,0.0
2025-07-16,6410.46609126038,0.0,5981.667972496125,0.0,8966.199005311024,0.0,8271.565972086517,0.0,14700.370415168489,0.0,13913.449966935608,0.0
2025-07-17,6470.258108666624,0.0,6003.604008563432,0.0,9036.462961363062,0.0,8301.89954632218,0.0,14806.151230206297,0.0,13964.473517841261,0.0
2025-07-18,6487.079973994937,0.0,6009.677898114632,0.0,9059.698614165183,0.0,8310.298638074,0.0,14847.983239949444,0.0,13978.601476591877,0.0
2025-07-21,6539.067713716356,100.0,6113.170764371993,100.0,9007.569667651878,0.0,8315.128640978253,0.0,14722.838327560148,0.0,13986.725936213581,0.0
2025-07-22,6499.265602055555,0.0,6080.694669598606,0.0,8956.175547396982,0.0,8270.954689978693,0.0,14635.787666203161,0.0,13912.421740472615,0.0
2025-07-23,6594.32863588757,0.0,6109.117594381613,0.0,9076.038637455056,0.0,8309.615523289773,0.0,14810.535368137118,0.0,13977.45242169658,0.0
2025-07-24,6548.26417362241,0.0,6092.917787144889,0.0,9003.485607876035,0.0,8287.580562002993,0.0,14675.340773027157,0.0,13940.387815983277,0.0
2025-07-25,6652.1885519348225,0.0,6128.094483098381,0.0,9129.188404249604,0.0,8335.427867974318,0.0,14845.910118889104,0.0,14020.870894995307,0.0
2025-07-28,6674.078572362571,0.0,6126.196229478891,0.0,9152.818453313866,0.0,8332.845865336463,0.0,14855.949144575921,0.0,14016.527755541725,0.0
2025-07-29,6748.6540212524305,0.0,6194.372029744478,0.0,9274.766330548735,0.0,8425.578519348663,0.0,15005.878895994229,0.0,14172.511658257841,0.0
2025-07-30,6860.212638723742,0.0,6211.107546706293,0.0,9394.578229435896,0.0,8448.342152457324,0.0,15188.686843481802,0.0,14210.801949526975,0.0
2025-07-31,6918.865672745299,0.0,6253.636355459441,0.0,9501.046436406528,0.0,8506.18979476285,0.0,15317.963869946665,0.0,14308.106411540482,0.0
2025-08-01,6836.034336229797,0.0,6154.159921753311,0.0,9362.296462345892,0.0,8370.882051057577,0.0,15139.8481395055,0.0,14080.507728469425,0.0
2025-08-04,6878.401360991506,0.0,6159.842740797096,0.0,9424.023099455624,0.0,8378.611815726981,0.0,15312.681008620062,100.0,14193.509824366,100.0
2025-08-05,6834.073975175616,0.0,6129.961847128287,0.0,9361.2480680855,0.0,8337.967854623916,0.0,15211.30876543116,0.0,14124.658268296213,0.0
2025-08-06,6832.338904759463,0.0,6179.562620299144,0.0,9376.269354000613,0.0,8405.434775720143,0.0,15224.116586063032,0.0,14238.948371294135,0.0
2025-08-07,6768.338778399945,0.0,6129.917036679627,0.0,9328.024674987013,0.0,8337.906903497334,0.0,15133.732308899496,0.0,14124.555016059094,0.0
2025-08-08,6772.193408876237,0.0,6170.582234777355,0.0,9331.8631426973,0.0,8393.219664489412,0.0,15066.330897415299,0.0,14218.255766710918,0.0
2025-08-11,6962.667295076356,200.0,6373.55300073007,200.0,9519.80790781503,200.0,8597.260497309431,200.0,15458.472981149946,400.0,14625.101005706467,400.0
2025-08-12,7124.913920664799,0.0,6457.7625944081665,0.0,9755.388955837881,0.0,8710.850485992394,0.0,15823.121133912146,0.0,14818.332914666917,0.0
2025-08-13,7091.993469198704,0.0,6447.3453693915935,0.0,9701.239330290226,0.0,8696.798732266285,0.0,15776.50498923565,0.0,14794.42898415138,0.0
2025-08-14,7002.1141528599865,0.0,6428.21766405077,0.0,9565.31334092851,0.0,8670.997445995972,0.0,15568.689908891767,0.0,14750.537512222783,0.0
2025-08-15,7021.756191846939,0.0,6447.045231596709,0.0,9599.447764560975,0.0,8696.393877578887,0.0,15624.624066545994,0.0,14793.740271660035,0.0
2025-08-18,7039.027166431488,0.0,6415.225636928701,0.0,9615.722649407457,0.0,8653.472551868044,0.0,15724.880162194895,100.0,14820.725300900878,100.0
2025-08-19,6973.98941918308,0.0,6401.337133285666,0.0,9522.003761734732,0.0,8634.738404097823,0.0,15590.65662922905,0.0,14788.639493014543,0.0
2025-08-20,6997.790131982597,0.0,6398.482160944917,0.0,9538.161757406582,0.0,8630.887343171018,0.0,15618.447906295487,0.0,14782.04381529429,0.0
2025-08-21,6994.3079329940265,0.0,6367.768081615122,0.0,9550.15237393908,0.0,8589.457242738337,0.0,15636.46226929835,0.0,14711.086851598951,0.0
2025-08-22,7108.74827079808,0.0,6487.101787172364,0.0,9741.221139232144,0.0,8750.426007361039,0.0,15956.030183442683,0.0,14986.776619862378,0.0
2025-08-25,7233.43742534791,200.0,6605.299436243025,200.0,9842.980216951688,200.0,8840.083138924658,200.0,15953.949591174734,200.0,14997.793372708491,200.0
2025-08-26,7356.0822316075055,0.0,6684.994268766542,0.0,10026.5455061934,0.0,8946.741277900908,0.0,16257.665001183937,0.0,15178.746052083181,0.0
2025-08-27,7362.224348003471,0.0,6688.1597153353005,0.0,10017.84850422524,0.0,8950.977696114762,0.0,16232.250712972407,0.0,15185.933419443109,0.0
2025-08-28,7416.753648967268,0.0,6706.922917631317,0.0,10096.224538730761,0.0,8976.089088845747,0.0,16358.18898575801,0.0,15228.53657979371,0.0
2025-08-29,7303.195352679077,0.0,6647.744712865637,0.0,9954.675199646596,0.0,8896.889007881897,0.0,16150.467841732758,0.0,15094.168335657252,0.0
2025-09-02,7246.57412236917,0.0,6579.135660477319,0.0,9864.713651887238,0.0,8805.067322423145,0.0,16046.164267855847,0.0,14938.386693787796,0.0
2025-09-03,7316.6511340246125,0.0,6660.205311584988,0.0,9963.959394735772,0.0,8913.565425007731,0.0,16168.611361523675,0.0,15122.460994710322,0.0
2025-09-04,7387.993909202367,0.0,6701.800632983642,0.0,10052.628092847739,0.0,8969.233771750167,0.0,16281.652592991852,0.0,15216.906075002278,0.0
2025-09-05,7368.0320372179085,0.0,6684.4171211362045,0.0,10023.993068176134,0.0,8945.968862799236,0.0,16285.731895884726,0.0,15177.43559810772,0.0
2025-09-08,7472.040680676906,100.0,6768.655780699499,100.0,10129.820140478152,100.0,9024.874957642287,100.0,16395.912869120853,100.0,15241.648374617202,100.0
2025-09-09,7482.654716082609,0.0,6752.041695143218,0.0,10132.698423790414,0.0,9002.722842135312,0.0,16382.72066911075,0.0,15204.236803055725,0.0
2025-09-10,7603.395319678029,0.0,6809.973722358827,0.0,10259.295040678986,0.0,9079.9655500825,0.0,16542.287231620187,0.0,15334.688050254146,0.0
2025-09-11,7709.049022880922,0.0,6866.164417042531,0.0,10384.384475671064,0.0,9154.886481170395,0.0,16786.109964711075,0.0,15461.218167613135,0.0
2025-09-12,7653.857401360571,0.0,6845.551421314288,0.0,10308.104598651576,0.0,9127.402485089478,0.0,16675.28062922632,0.0,15414.801856455275,0.0
2025-09-15,7698.740594577446,0.0,6886.84238653579,0.0,10365.425477535922,0.0,9182.457108943598,0.0,16739.927351146896,0.0,15507.780786592222,0.0
2025-09-16,7619.300528449419,0.0,6855.584606968889,0.0,10296.151002664612,0.0,9140.78006682702,0.0,16614.019159491658,0.0,15437.39456803336,0.0
2025-09-17,7551.595880031634,0.0,6784.9661041970085,0.0,10207.661681300104,0.0,9046.622057044719,0.0,16500.23977265956,0.0,15278.375935255483,0.0
2025-09-18,7707.960772933091,0.0,6842.645385154824,0.0,10408.68989603998,0.0,9123.527769959728,0.0,16830.197199577924,0.0,15408.258048830612,0.0
2025-09-19,7762.192180790823,0.0,6897.110667819441,0.0,10489.878028844254,0.0,9196.148151540136,0.0,16957.320477428548,0.0,15530.902886135731,0.0
2025-09-22,7896.626320043764,0.0,6961.689146097288,0.0,10630.279319321744,0.0,9282.252794809816,0.0,17262.202375326782,100.0,15776.320601317144,100.0
2025-09-23,7791.822375570417,0.0,6886.168520275743,0.0,10511.526949377816,0.0,9181.55862053879,0.0,17105.403406885387,0.0,15605.17857242596,0.0
2025-09-24,7706.077413056867,0.0,6856.481764260777,0.0,10389.179311858052,0.0,9141.976276626861,0.0,16900.71640227577,0.0,15537.903551856029,0.0
2025-09-25,7678.984874056611,0.0,6865.40804803164,0.0,10363.813895407813,0.0,9153.877989090684,0.0,16874.836337404686,0.0,15558.131963609578,0.0
2025-09-26,7818.037680556112,0.0,6953.234282160676,0.0,10548.523749707745,0.0,9270.979642165625,0.0,17158.154123690387,0.0,15757.160503630324,0.0
2025-09-29,7803.654905778188,0.0,6945.695845862247,0.0,10556.029291943676,0.0,9260.928393117996,0.0,17174.49017739727,0.0,15740.077180117767,0.0
2025-09-30,7766.012869255379,0.0,6958.064257948364,0.0,10512.935338850202,0.0,9277.419610298828,0.0,17114.73987834553,0.0,15768.106014830846,0.0
2025-10-01,7782.443084612172,0.0,6979.153205581847,0.0,10508.473519289966,0.0,9305.538208961083,0.0,17153.686157998956,0.0,15815.897002338053,0.0
2025-10-02,7785.357536619339,0.0,6988.257513538766,0.0,10527.838410017708,0.0,9317.677287021657,0.0,17221.815657560037,0.0,15836.528845870169,0.0
2025-10-03,7755.790839824359,0.0,6993.483403331273,0.0,10480.71619828346,0.0,9324.64514052874,0.0,17160.422938323598,0.0,15848.371562639551,0.0
2025-10-06,7737.371766528517,0.0,7026.135304140104,0.0,10532.4038165212,100.0,9468.181011088049,100.0,17252.17249347787,100.0,16022.36608388176,100.0
2025-10-07,7683.6792085937,0.0,7001.3977067961405,0.0,10471.696032722206,0.0,9434.845466112984,0.0,17170.904916702897,0.0,15965.954582604934,0.0
2025-10-08,7851.105827326972,0.0,7076.798472210601,0.0,10674.135356894205,0.0,9536.452973571322,0.0,17476.326017570802,0.0,16137.89813538046,0.0
2025-10-09,7832.383820113382,0.0,7070.030681645883,0.0,10633.348068842395,0.0,9527.332929146027,0.0,17409.115997148383,0.0,16122.464897431984,0.0
2025-10-10,7645.457052336484,0.0,6917.910353224694,0.0,10362.898584381075,0.0,9322.340747439917,0.0,16960.575268827422,0.0,15775.570412020004,0.0
2025-10-13,7813.973156456071,0.0,7002.286228074618,0.0,10578.595576022717,0.0,9436.04280717356,0.0,17469.348697428428,200.0,16167.980762372448,200.0
2025-10-14,7861.397463173107,0.0,7015.235011654331,0.0,10659.150391832694,0.0,9453.492147600282,0.0,17598.239538850623,0.0,16197.878952334118,0.0
2025-10-15,7920.288564488198,0.0,7024.86235328194,0.0,10724.860814922215,0.0,9466.46562579847,0.0,17726.715896901645,0.0,16220.108074246313,0.0
2025-10-16,7838.365225466827,0.0,6950.632710655732,0.0,10608.395353213014,0.0,9366.436283585377,0.0,17527.650306271382,0.0,16048.714989918151,0.0
2025-10-17,7767.754800586929,0.0,6958.254850582017,0.0,10517.48871210627,0.0,9376.707620158042,0.0,17375.347088636147,0.0,16066.314186478012,0.0
2025-10-20,7877.149937802562,0.0,7056.041306780944,0.0,10652.653715349275,0.0,9508.4813232888,0.0,17804.50403672785,200.0,16492.0989503607,200.0
2025-10-21,7883.235320783572,0.0,7063.832580952737,0.0,10676.608779474605,0.0,9518.980579419274,0.0,17803.282872362113,0.0,16510.30951050398,0.0
2025-10-22,7818.24276533381,0.0,7053.783716056799,0.0,10580.332853256301,0.0,9505.439070798646,0.0,17619.135728599555,0.0,16486.82227920853,0.0
2025-10-23,7982.907324206627,0.0,7090.673531930622,0.0,10776.470367840551,0.0,9555.15053222656,0.0,17925.121686411872,0.0,16573.044916973842,0.0
2025-10-24,8120.664282912171,0.0,7142.73025364071,0.0,10951.332372655846,0.0,9625.300400206546,0.0,18192.427633621952,0.0,16694.717192991997,0.0
2025-10-27,8186.079191585145,0.0,7218.517851957235,0.0,11064.313902577747,0.0,9727.429190529396,0.0,18533.47996470058,200.0,17071.855692655423,200.0
2025-10-28,8121.496815646265,0.0,7225.23087577892,0.0,10951.744659593944,0.0,9736.47543315413,0.0,18367.772603853482,0.0,17087.73205069672,0.0
2025-10-29,8127.556263447327,0.0,7224.911139298878,0.0,10923.742245954247,0.0,9736.044567146313,0.0,18356.264370717774,0.0,17086.9758712207,0.0
2025-10-30,8002.397427859798,0.0,7179.0199516554885,0.0,10768.87549819008,0.0,9674.20316321471,0.0,18139.7855100381,0.0,16978.442824814214,0.0
2025-10-31,7988.807412843007,0.0,7221.791035632867,0.0,10790.521391465432,0.0,9731.840021545582,0.0,18189.784058433128,0.0,17079.596799695948,0.0
2025-11-03,8070.272815769267,0.0,7263.226625589021,0.0,10889.727178606254,0.0,9787.677213547126,0.0,18432.537229931066,100.0,17277.59231993695,100.0
2025-11-04,7909.035192408378,0.0,7182.67548671738,0.0,10671.827254436284,0.0,9679.129237957104,0.0,18065.171601193022,0.0,17085.979169188267,0.0
2025-11-05,8034.155726366028,0.0,7228.655221356256,0.0,10822.38542772602,0.0,9741.08996480877,0.0,18298.915823184198,0.0,17195.354678314,0.0
2025-11-06,7858.83672803438,0.0,7144.113801588025,0.0,10584.248966022067,0.0,9627.164822372597,0.0,17904.204076513914,0.0,16994.249541409958,0.0
2025-11-07,7856.936714951475,0.0,7118.6728309154605,0.0,10613.567215463765,0.0,9592.881435418223,0.0,17917.85879190511,0.0,16933.731159957366,0.0
2025-11-10,8143.2675912125205,200.0,7433.095480153652,200.0,11056.017167789934,300.0,10047.073506572482,300.0,18575.374645357555,400.0,17605.91706129488,400.0
2025-11-11,8100.639328754057,0.0,7441.5105829635,0.0,10969.419374480953,0.0,10058.447927461015,0.0,18446.19888162559,0.0,17625.84894600268,0.0
2025-11-12,8076.73719044878,0.0,7426.203227899741,0.0,10933.790977881663,0.0,10037.757473271717,0.0,18374.23655361527,0.0,17589.592177285005,0.0
2025-11-13,7833.777187204519,0.0,7300.011614604532,0.0,10624.169367295604,0.0,9867.188372138131,0.0,17847.162396357508,0.0,17290.696638617643,0.0
2025-11-14,7826.292962620898,0.0,7273.857979086895,0.0,10603.464597901608,0.0,9831.837353277766,0.0,17788.112845666426,0.0,17228.749534748968,0.0
2025-11-17,7925.105474039343,200.0,7416.400511011657,200.0,10537.389738916314,100.0,9854.173961653805,100.0,17850.003594622343,300.0,17392.656648523356,300.0
2025-11-18,7945.342991789948,0.0,7369.839001153135,0.0,10538.131458826323,0.0,9792.307667164738,0.0,17845.64511177443,0.0,17283.462390095203,0.0
2025-11-19,7989.698046572779,0.0,7404.312410332648,0.0,10585.818653918082,0.0,9838.112498039472,0.0,17935.235524198564,0.0,17364.308100689323,0.0
2025-11-20,7812.740356071957,0.0,7317.040123583866,0.0,10348.753542326433,0.0,9722.153780009488,0.0,17509.417231653184,0.0,17159.640497301494,0.0
2025-11-21,7902.425334637836,0.0,7393.849537319502,0.0,10481.298040584608,0.0,9824.21047499512,0.0,17752.633318252945,0.0,17339.770974140592,0.0
2025-11-24,8133.306667297966,0.0,7520.244089798164,0.0,10775.581073827238,0.0,9992.150961229758,0.0,18314.25496276569,100.0,17736.18660733639,100.0
2025-11-25,8202.176482692028,0.0,7582.767319955246,0.0,10894.360188991392,0.0,10075.225599081046,0.0,18551.206724852138,0.0,17883.64507598687,0.0
2025-11-26,8246.608304486239,0.0,7605.562163563017,0.0,10962.303013842027,0.0,10105.513115782194,0.0,18647.198215126115,0.0,17937.405777778575,0.0
2025-11-28,8284.092607165203,0.0,7623.993923798705,0.0,11015.227797339385,0.0,10130.003402075696,0.0,18729.364755950643,0.0,17980.87632675787,0.0
2025-12-01,8262.54726169955,100.0,7688.130934292853,100.0,10987.189540794732,100.0,10182.352235333703,100.0,18699.729340530706,200.0,18096.294939960117,200.0
2025-12-02,8249.0094681841,0.0,7698.260528024617,0.0,11016.595601968374,0.0,10195.768121751244,0.0,18721.942837666047,0.0,18120.13794125115,0.0
2025-12-03,8227.44580551302,0.0,7711.467841327743,0.0,11015.677358444174,0.0,10213.260216680974,0.0,18750.275753301525,0.0,18151.22526779911,0.0
2025-12-04,8297.604538313873,0.0,7691.352236306566,0.0,11088.480065940874,0.0,10186.618608011322,0.0,18834.928540501634,0.0,18103.8772290534,0.0
2025-12-05,8229.95851021047,0.0,7721.873793902822,0.0,11030.223648403258,0.0,10227.04211963882,0.0,18773.00377303867,0.0,18175.718761541517,0.0
2025-12-08,8230.992519067036,0.0,7700.378685521228,0.0,11144.587753498308,100.0,10298.573462334638,100.0,18872.720235810015,100.0,18225.123652747945,100.0
2025-12-09,8255.516194834508,0.0,7692.927172528735,0.0,11175.282107283894,0.0,10288.607724662148,0.0,18897.72403593367,0.0,18207.487540131355,0.0
2025-12-10,8310.954839238222,0.0,7752.692289326128,0.0,11261.17580599896,0.0,10368.53826716654,0.0,19081.777084341404,0.0,18348.938589259815,0.0
2025-12-11,8326.926583552591,0.0,7722.300059318278,0.0,11289.556035920328,0.0,10327.891355345368,0.0,19135.757588812074,0.0,18277.006782708886,0.0
2025-12-12,8161.9377401748425,0.0,7614.418551023971,0.0,11062.240100652345,0.0,10183.609407175027,0.0,18709.504908349143,0.0,18021.674686872408,0.0
2025-12-15,8142.129924641143,0.0,7604.075184547563,0.0,11028.67616072053,0.0,10169.776071977443,0.0,18747.443241565652,100.0,18097.19418523517,100.0
2025-12-16,8096.45565313047,0.0,7572.350349920919,0.0,10987.718980429521,0.0,10127.346919681697,0.0,18669.380623422898,0.0,18021.691184699415,0.0
2025-12-17,7877.212448641508,0.0,7492.284670046503,0.0,10715.412043221546,0.0,10020.266174737446,0.0,18278.606325669825,0.0,17831.14018131051,0.0
2025-12-18,7993.537805483213,0.0,7553.472882774665,0.0,10893.686240932158,0.0,10102.099981819529,0.0,18543.649700683553,0.0,17976.764065966367,0.0
2025-12-19,8107.3577648178425,0.0,7632.76286113008,0.0,11041.863656622347,0.0,10208.14329478744,0.0,18868.372656059735,0.0,18165.46895123065,0.0
2025-12-22,8193.96636768374,0.0,7691.8408349917745,0.0,11156.383488944855,0.0,10287.154844565444,0.0,19180.782800161647,100.0,18406.07060746072,100.0
2025-12-23,8162.5604491387285,0.0,7689.000161403846,0.0,11102.678279574666,0.0,10283.355695611534,0.0,19055.867345396662,0.0,18399.27306188563,0.0
2025-12-24,8153.6276236739695,0.0,7696.70908165981,0.0,11093.511752507291,0.0,10293.665692666695,0.0,19056.02763935205,0.0,18417.72000242724,0.0
2025-12-26,8176.90118544687,0.0,7702.556244561403,0.0,11112.721234278362,0.0,10301.4857543997,0.0,19047.390531089244,0.0,18431.71187973318,0.0
2025-12-29,8234.136359417018,100.0,7783.338029524689,100.0,11046.388359938011,0.0,10275.783096458643,0.0,19039.712686022056,100.0,18485.723951680127,100.0
2025-12-30,8195.16149899484,0.0,7773.740813523089,0.0,10990.552883030716,0.0,10263.112580339697,0.0,18895.21076834375,0.0,18462.93019853241,0.0
2025-12-31,8135.972899546945,0.0,7732.9522661483115,0.0,10904.843487090526,0.0,10209.262385981836,0.0,18660.718694236726,0.0,18366.05584664123,0.0
2026-01-02,8235.267724712357,0.0,7745.033725989063,0.0,10977.738030056282,0.0,10225.212671109015,0.0,18878.267259572483,0.0,18394.749773424606,0.0
2026-01-05,8364.987333997495,0.0,7827.124519946851,0.0,11174.540591462646,0.0,10333.59126005459,0.0,19175.64035781897,0.0,18589.71853237116,0.0
2026-01-06,8356.733223161127,0.0,7866.761619695654,0.0,11181.389263297302,0.0,10385.92128067638,0.0,19339.394216021847,0.0,18683.85815234168,0.0
2026-01-07,8302.491619041924,0.0,7859.31660922066,0.0,11118.000311530404,0.0,10376.092167190407,0.0,19265.790312502715,0.0,18666.175969204312,0.0
2026-01-08,8188.001770732277,0.0,7866.235029683314,0.0,10978.088856353179,0.0,10385.2260616422,0.0,19020.898793630135,0.0,18682.607481027277,0.0
2026-01-09,8278.37067491327,0.0,7931.108911140555,0.0,11106.877276088608,0.0,10470.874395551282,0.0,19260.496177134413,0.0,18836.6854177356,0.0
2026-01-12,8322.475972294758,0.0,7966.90115764395,0.0,11271.140337524992,100.0,10618.128332128199,100.0,19497.350736290613,100.0,19021.693364963692,100.0
2026-01-13,8327.519362446126,0.0,7921.488342823823,0.0,11268.50064121065,0.0,10557.603030490609,0.0,19446.789605098307,0.0,18913.266183396423,0.0
2026-01-14,8286.715774278864,0.0,7899.106741308119,0.0,11193.524643219012,0.0,10527.773274545378,0.0,19373.173488970657,0.0,18859.828095911176,0.0
2026-01-15,8404.135796256203,0.0,7918.036159815103,0.0,11325.8313576431,0.0,10553.002029237141,0.0,19546.444615284046,0.0,18905.023785840305,0.0
2026-01-16,8406.450886548824,0.0,7936.832065210785,0.0,11299.26451630728,0.0,10578.052840294135,0.0,19518.795719766364,0.0,18949.900701202874,0.0
2026-01-20,8298.452452352707,0.0,7755.135003049435,0.0,11127.015174601751,0.0,10335.89058856985,0.0,19220.018745391757,0.0,18516.082616434516,0.0
2026-01-21,8315.394607325481,0.0,7785.289849566681,0.0,11145.48054698018,0.0,10376.080371751548,0.0,19309.6378401015,0.0,18588.080025787112,0.0
2026-01-22,8376.866698248687,0.0,7862.758480028645,0.0,11221.826240544597,0.0,10479.329030631936,0.0,19456.151699300353,0.0,18773.0433515386,0.0
2026-01-23,8277.015817389436,0.0,7810.980760860347,0.0,11090.48291056905,0.0,10410.320710333346,0.0,19231.60212064711,0.0,18649.419388134505,0.0
2026-01-26,8349.70413967315,100.0,7881.897110189607,100.0,11151.441252053262,100.0,10471.55859579495,100.0,19312.58032812821,200.0,18779.97955525021,200.0
2026-01-27,8415.67701007036,0.0,7901.288618044515,0.0,11182.151329712984,0.0,10497.321341479737,0.0,19425.794854503787,0.0,18826.18316790456,0.0
2026-01-28,8311.62139586996,0.0,7807.694782203452,0.0,11007.01744950996,0.0,10372.97648864629,0.0,19207.719863780312,0.0,18603.179708328782,0.0
2026-01-29,8348.959213862552,0.0,7818.141043240614,0.0,11089.49253401288,0.0,10386.854953821405,0.0,19258.95594656742,0.0,18628.06972731331,0.0
2026-01-30,8235.06896398359,0.0,7802.666080405857,0.0,10889.627440958682,0.0,10366.295565919423,0.0,18859.776221677796,0.0,18591.197958804776,0.0
2026-02-02,8405.257033852089,0.0,7918.582616610363,0.0,11235.693099670549,100.0,10620.297424116463,100.0,19360.838614622295,100.0,18967.389102840618,100.0
2026-02-03,8424.272529035386,0.0,7885.212913319492,0.0,11211.090475067795,0.0,10575.54242299288,0.0,19385.22120695339,0.0,18887.45861815556,0.0
2026-02-04,8142.642547305053,0.0,7835.445598598887,0.0,10866.086060687194,0.0,10508.795164054933,0.0,18835.81410776726,0.0,18768.2509179127,0.0
2026-02-05,8154.678502779748,0.0,7747.094410579079,0.0,10837.10034415657,0.0,10390.299728700611,0.0,18746.06455133021,0.0,18556.62322618985,0.0
2026-02-06,8449.955085168538,0.0,7911.655265478426,0.0,11240.629429520874,0.0,10611.006553143146,0.0,19455.16446228631,0.0,18950.79601153463,0.0
2026-02-09,8524.742486512234,0.0,7917.594180876294,0.0,11445.746784270597,100.0,10718.97174728909,100.0,19902.42124859386,300.0,19265.02150170807,300.0
2026-02-10,8444.22896193887,0.0,7844.792484865023,0.0,11345.91554678948,0.0,10620.411590646514,0.0,19681.049367939293,0.0,19087.88104628974,0.0
2026-02-11,8600.095325538097,0.0,7852.502240384135,0.0,11495.148451183297,0.0,10630.849186928916,0.0,19825.605035958335,0.0,19106.64035656197,0.0
2026-02-12,8459.835098660738,0.0,7740.014383383927,0.0,11246.95663179173,0.0,10478.561240167177,0.0,19447.41868160225,0.0,18832.93587837283,0.0
2026-02-13,8600.012391293438,0.0,7750.435343123158,0.0,11421.129239336155,0.0,10492.669310178424,0.0,19734.456514813442,0.0,18858.29206724263,0.0
2026-02-17,8838.329708143709,200.0,7975.102245145142,200.0,11666.211015136972,200.0,10726.063775697436,200.0,20031.164404777075,200.0,19118.311359337924,200.0
2026-02-18,8833.762354890547,0.0,8013.948248847761,0.0,11691.570120539081,0.0,10778.309464885799,0.0,20102.407865243196,0.0,19211.434929547293,0.0
2026-02-19,8907.582553885353,0.0,8035.535304346919,0.0,11764.978999153185,0.0,10807.342839869103,0.0,20197.724468394972,0.0,19263.184491581495,0.0
2026-02-20,9019.92065749371,0.0,8107.196797080242,0.0,11916.452325919505,0.0,10903.723515337835,0.0,20378.06232612802,0.0,19434.97498259176,0.0
2026-02-23,8948.68511549963,100.0,8079.929697058684,100.0,11751.822487086318,100.0,10832.556426889498,100.0,20297.024447051135,300.0,19429.883966925685,300.0
2026-02-24,9129.300991944185,0.0,8166.879807230833,0.0,11989.861792071566,0.0,10949.128230120277,0.0,20636.56714870839,0.0,19638.97372573525,0.0
2026-02-25,9215.851303977295,0.0,8248.810417937355,0.0,12106.237454978578,0.0,11058.970517967287,0.0,20853.95575883471,0.0,19835.993046329906,0.0
2026-02-26,9270.931569126058,0.0,8175.270143135124,0.0,12181.833606885297,0.0,10960.376940261514,0.0,20881.466120842102,0.0,19659.150046467752,0.0
2026-02-27,9265.69441794785,0.0,8144.376528919761,0.0,12142.747723356426,0.0,10918.958656716264,0.0,20784.4782068047,0.0,19584.859877861214,0.0
2026-03-02,9293.740445303585,0.0,8179.207848585157,0.0,12276.396062242178,100.0,11065.656121897895,100.0,21284.968507083417,400.0,20068.61908430083,400.0
2026-03-03,9189.894122672595,0.0,8150.206192796425,0.0,12137.752436490235,0.0,11026.419761132314,0.0,20972.738463859616,0.0,19997.46021493199,0.0
2026-03-04,9386.825981759672,0.0,8267.809845251699,0.0,12412.728026304587,0.0,11185.52582627215,0.0,21404.717658745867,0.0,20286.014185895776,0.0
2026-03-05,9211.3214810776,0.0,8205.194832816285,0.0,12203.942920835634,0.0,11100.813931366763,0.0,21023.859055090095,0.0,20132.381113257514,0.0
2026-03-06,9032.895797864905,0.0,8116.8688136961055,0.0,11991.115806457403,0.0,10981.317597211477,0.0,20648.75291983482,0.0,19915.6631540407,0.0
2026-03-09,9316.036538570508,0.0,8248.231694989438,0.0,12321.479739147604,0.0,11159.038532842811,0.0,21189.419371815886,0.0,20237.976961843997,0.0
2026-03-10,9216.204076418342,0.0,8168.361625599926,0.0,12163.792611631843,0.0,11050.98225909873,0.0,20933.70763055324,0.0,20042.006639474446,0.0
2026-03-11,9172.87059158254,0.0,8162.279471416478,0.0,12110.165718283088,0.0,11042.753708373486,0.0,20857.22560631564,0.0,20027.08338067247,0.0
2026-03-12,9030.327955430548,0.0,8085.7496148462515,0.0,11902.022534837968,0.0,10939.216410930827,0.0,20505.193534225837,0.0,19839.3086513202,0.0
2026-03-13,8995.017903902322,0.0,8055.018202124721,0.0,11872.477595395423,0.0,10897.639860779285,0.0,20508.679666290995,0.0,19763.905626082553,0.0
2026-03-16,9213.50423909844,0.0,8198.58758064369,0.0,12162.381487850225,0.0,11091.874975198138,0.0,21082.455120575545,100.0,20216.169466665277,100.0
2026-03-17,9216.525654243718,0.0,8174.095456498628,0.0,12178.618293158675,0.0,11058.739563004037,0.0,21162.149397642992,0.0,20155.776511483076,0.0
2026-03-18,9127.218111670163,0.0,8032.138369926495,0.0,12032.352369210126,0.0,10866.685719508003,0.0,20860.322985294715,0.0,19805.73713080831,0.0
2026-03-19,9240.190602890105,0.0,8064.767505691668,0.0,12155.696675957039,0.0,10910.829700516455,0.0,21093.572122363432,0.0,19886.194420761145,0.0
2026-03-20,8828.991907196494,0.0,7871.508912951294,0.0,11649.996062771825,0.0,10649.370012799041,0.0,20233.249929505335,0.0,19409.655209183697,0.0
2026-03-23,9037.026360769252,0.0,7966.13108099761,0.0,12031.231310570705,100.0,10877.384411319319,100.0,20770.929083483163,100.0,19742.97561537705,100.0
2026-03-24,9056.542333033836,0.0,7907.266612179391,0.0,12030.84426583095,0.0,10797.007695320855,0.0,20763.802156044894,0.0,19597.088011887517,0.0
2026-03-25,9092.132528604969,0.0,7946.162987026362,0.0,12089.143042715292,0.0,10850.118900385822,0.0,20895.662943172778,0.0,19693.487402297014,0.0
2026-03-26,8836.883696650253,0.0,7840.149322259007,0.0,11744.253906798416,0.0,10705.362132915854,0.0,20334.77226301254,0.0,19430.746910442525,0.0
2026-03-27,8838.237006525016,0.0,7724.101501270411,0.0,11712.924330874368,0.0,10546.904188130085,0.0,20209.825410491176,0.0,19143.138123102744,0.0
2026-03-30,8666.123743843395,0.0,7727.1375822922555,0.0,11589.86526921328,100.0,10651.04981667206,100.0,19982.872768858895,100.0,19250.66263819936,100.0
2026-03-31,9048.607197360707,0.0,7973.954839738717,0.0,12111.407284423321,0.0,10991.261554418392,0.0,20802.417718457655,0.0,19865.559902003213,0.0
2026-04-01,9088.591346031453,0.0,7954.762031071358,0.0,12168.685534681987,0.0,10964.806277925534,0.0,20887.507702815994,0.0,19817.744746546225,0.0
2026-04-02,9112.939814148907,0.0,7950.682491694466,0.0,12182.646578690512,0.0,10959.183060185509,0.0,20921.241811523123,0.0,19807.581366455288,0.0
2026-04-06,9180.055057214462,0.0,8044.186953310316,0.0,12305.936820465355,0.0,11088.069166864107,0.0,21127.709424146942,0.0,20040.529573545347,0.0
2026-04-07,9160.10034355104,0.0,8025.959277789798,0.0,12283.80041812966,0.0,11062.944225326108,0.0,21100.236361982526,0.0,19995.118859890114,0.0
2026-04-08,9362.362781438942,0.0,8127.978890686594,0.0,12561.624146744887,0.0,11203.567576168403,0.0,21566.660957297212,0.0,20249.280912712435,0.0
2026-04-09,9428.93004043449,0.0,8193.97717764365,0.0,12629.849977958576,0.0,11294.539302077043,0.0,21659.42074574231,0.0,20413.702827474364,0.0
2026-04-10,9402.463003086941,0.0,8166.214069895785,0.0,12593.19489644053,0.0,11256.270765954972,0.0,21599.45152916024,0.0,20344.53643625248,0.0
2026-04-13,9539.39171517614,0.0,8257.393699007003,0.0,12888.488987147008,100.0,11481.95233452893,100.0,21903.08522388527,0.0,20571.69277465115,0.0
2026-04-14,9584.653168181909,0.0,8291.458603660805,0.0,12958.319394566479,0.0,11529.319775851518,0.0,22004.5866595474,0.0,20656.55886902425,0.0
2026-04-15,9591.471803672086,0.0,8335.249495226974,0.0,12983.202528491709,0.0,11590.211256623441,0.0,22008.174740925482,0.0,20765.65537095507,0.0
2026-04-16,9557.0917424429,0.0,8348.830736523281,0.0,12938.474840861318,0.0,11609.096048955274,0.0,22027.36750066517,0.0,20799.490396101042,0.0
2026-04-17,9711.57613713657,0.0,8468.689992817512,0.0,13191.802571132892,0.0,11775.761018289113,0.0,22467.114266205626,0.0,21098.096455901672,0.0
2026-04-20,9885.076854899204,100.0,8581.630860560152,100.0,13302.372283415945,0.0,11793.755367596483,0.0,22608.62159512043,0.0,21130.336114702364,0.0
2026-04-21,9777.49263371545,0.0,8494.2169353783,0.0,13145.926203523188,0.0,11673.622205722302,0.0,22350.69467302803,0.0,20915.09898201621,0.0
2026-04-22,9865.570164795005,0.0,8609.557929704511,0.0,13271.263173546591,0.0,11832.135604054365,0.0,22643.257367541442,0.0,21199.100242093456,0.0
2026-04-23,9840.969938468012,0.0,8604.147202034816,0.0,13219.228186392707,0.0,11824.699628360007,0.0,22539.977737002642,0.0,21185.777541997926,0.0
2026-04-24,9942.60616021152,0.0,8687.26683830501,0.0,13343.472894699584,0.0,11938.931138936805,0.0,22730.872543411857,0.0,21390.440953959966,0.0
2026-04-27,9987.006797129521,0.0,8685.45623954244,0.0,13377.850149714886,0.0,11936.442828821679,0.0,22713.054756432506,0.0,21385.98276168351,0.0
2026-04-28,9764.005324821352,0.0,8630.646024673624,0.0,13102.950684591127,0.0,11861.117022304055,0.0,22269.801096309217,0.0,21251.024933560202,0.0
2026-04-29,9743.311345307879,0.0,8633.460528515208,0.0,13070.407532712568,0.0,11864.985001517816,0.0,22253.71406822096,0.0,21257.955016330612,0.0
2026-04-30,10013.770000018543,0.0,8744.085725301573,0.0,13444.319078442748,0.0,12017.017468258693,0.0,22877.790269107292,0.0,21530.34468547777,0.0
2026-05-01,10013.956336990972,0.0,8735.103738085856,0.0,13460.250414356253,0.0,12004.673502215608,0.0,22914.25297551108,0.0,21508.228561872602,0.0
2026-05-04,10105.42402197552,100.0,8804.941213265813,100.0,13541.666827436477,100.0,12063.221073792998,100.0,23204.8868744876,300.0,21733.96012760043,300.0
2026-05-05,10444.95389703945,0.0,8901.908425973044,0.0,13958.8768951887,0.0,12196.071128718348,0.0,23777.60258026148,0.0,21973.312269042137,0.0
2026-05-06,10427.234224119278,0.0,9007.278663410512,0.0,14019.780707434706,0.0,12340.433758521163,0.0,24018.07709381992,0.0,22233.40628712046,0.0
2026-05-07,10214.209068005883,0.0,8955.463938005583,0.0,13766.299903664923,0.0,12269.444927102752,0.0,23627.937407028112,0.0,22105.507741440604,0.0
2026-05-08,10200.157394579895,0.0,9041.599459433868,0.0,13748.971850068972,0.0,12387.455009410894,0.0,23755.266972670852,0.0,22318.123128976862,0.0
2026-05-11,10364.830915569677,100.0,9133.487721146732,100.0,13915.339973571798,100.0,12476.341511900762,100.0,24000.8989918272,100.0,22398.100258610328,100.0
2026-05-12,10311.800770168658,0.0,9111.065374412634,0.0,13810.005708564782,0.0,12445.712592927655,0.0,23843.0440429222,0.0,22343.113819090526,0.0
2026-05-13,10345.72739979341,0.0,9196.792111022152,0.0,13812.998855127062,0.0,12562.81528965158,0.0,23889.481075818967,0.0,22553.341948809022,0.0
2026-05-14,10473.4115722466,0.0,9284.732914237993,0.0,13969.997410082779,0.0,12682.942400701544,0.0,24105.32133052725,0.0,22768.99964577955,0.0
2026-05-15,10329.588884244464,0.0,9215.49456108303,0.0,13777.91520264122,0.0,12588.362830874908,0.0,23740.720473687208,0.0,22599.206066037237,0.0
2026-05-18,10299.464419318847,100.0,9346.815817442062,100.0,13727.738073809038,100.0,12731.147657750225,100.0,23782.280796387073,200.0,22876.01534870929,200.0
2026-05-19,10112.036114425659,0.0,9252.100365890585,0.0,13496.478866555499,0.0,12602.137262903016,0.0,23424.62970350523,0.0,22644.202486899365,0.0
2026-05-20,10299.698907700014,0.0,9385.598144261989,0.0,13787.626864301037,0.0,12783.97244202962,0.0,23947.690184681982,0.0,22970.933780924006,0.0
2026-05-21,10316.940375628114,0.0,9389.474642744673,0.0,13835.907630957716,0.0,12789.252558332544,0.0,24039.802119732038,0.0,22980.42137975137,0.0
2026-05-22,10351.433477320645,0.0,9429.786736718843,0.0,13883.955768974487,0.0,12844.16101387529,0.0,24193.31304345665,0.0,23079.083865297605,0.0
2026-05-26,10657.733145640903,100.0,9579.150871410786,100.0,14301.537710501341,100.0,13011.399108648424,100.0,25114.261932603542,400.0,23599.900914113452,400.0
2026-05-27,10602.290505718913,0.0,9577.936791941196,0.0,14294.187726380485,0.0,13009.750019627852,0.0,25092.135172377984,0.0,23596.90981860104,0.0
2026-05-28,10665.181448804095,0.0,9646.464816935653,0.0,14394.487718742557,0.0,13102.831911258922,0.0,25252.513544320445,0.0,23765.740503222143,0.0
2026-05-29,10656.106747671001,0.0,9641.511627476079,0.0,14411.907474443928,0.0,13096.103974118729,0.0,25252.625150869382,0.0,23753.537461217275,0.0
2026-06-01,10902.926499357893,200.0,9871.033401173827,200.0,14688.670119869288,200.0,13336.203517923075,200.0,25565.0101088765,200.0,24026.269475090765,200.0
2026-06-02,10968.750271164583,0.0,9895.836538060548,0.0,14776.224128025842,0.0,13369.713654902745,0.0,25806.810366766542,0.0,24086.640747930047,0.0
2026-06-03,10994.97740909573,0.0,9837.714429227171,0.0,14758.415039903379,0.0,13291.18811043436,0.0,25801.226639553664,0.0,23945.170509451753,0.0
2026-06-04,11087.135441049793,0.0,9885.676873753993,0.0,14842.291653554721,0.0,13355.987498242199,0.0,25877.354256290735,0.0,24061.9119457383,0.0
2026-06-05,10717.129040897673,0.0,9627.849667406099,0.0,14348.00458322596,0.0,13007.65151794816,0.0,24945.76008290177,0.0,23434.355976067716,0.0
2026-06-08,10813.112211218797,0.0,9725.064131499097,0.0,14491.582859627866,0.0,13138.99256658405,0.0,25382.512029476893,100.0,23770.977697041446,100.0
2026-06-09,10779.183868393875,0.0,9691.600626673098,0.0,14453.596541292436,0.0,13093.78188877098,0.0,25321.82207050111,0.0,23689.182840356934,0.0
2026-06-10,10552.498003014052,0.0,9533.088671486252,0.0,14114.653098884832,0.0,12879.625213529225,0.0,24814.361690760546,0.0,23301.73201221724,0.0
2026-06-11,10961.368184926845,0.0,9694.897706880785,0.0,14660.482996973298,0.0,13098.236390227677,0.0,25752.153162401995,0.0,23697.24189467499,0.0
2026-06-12,11035.413514396496,0.0,9713.373194628328,0.0,14745.946472352194,0.0,13123.197592837409,0.0,25872.424416442438,0.0,23742.401535912344,0.0
2026-06-15,11335.177585737756,100.0,9961.544759986582,100.0,15046.330102360858,0.0,13323.38394323026,0.0,26378.82416956522,0.0,24104.577345535912,0.0
2026-06-16,11257.578216206997,0.0,9909.741344685233,0.0,14944.78111098343,0.0,13254.097822627473,0.0,26163.280848295824,0.0,23979.225358371223,0.0
2026-06-17,11202.487144675368,0.0,9772.71421025047,0.0,14849.978515059567,0.0,13070.826536225357,0.0,26049.004309999007,0.0,23647.652169673896,0.0
2026-06-18,11514.864918296778,0.0,9962.36488110816,0.0,15257.402650256743,0.0,13324.480840232281,0.0,26726.91133164113,0.0,24106.56184427422,0.0
2026-06-22,11835.148642727003,0.0,9969.640072999298,0.0,15616.680111159949,0.0,13334.21127634051,0.0,27229.567160003844,0.0,24124.16608436637,0.0
2026-06-23,11564.875285985909,0.0,9855.49385053782,0.0,15280.868246520193,0.0,13181.542791264534,0.0,26662.204881906237,0.0,23847.95927966722,0.0
2026-06-24,11654.262908351258,0.0,9892.125582785702,0.0,15439.814718274749,0.0,13230.53706323775,0.0,26882.51478283011,0.0,23936.5993896647,0.0
2026-06-25,11871.611689454265,0.0,9928.521607423363,0.0,15718.383926804627,0.0,13279.216080592834,0.0,27386.46741300625,0.0,24024.669143110223,0.0
2026-06-26,11728.593832326786,0.0,9850.23419505588,0.0,15544.698353016905,0.0,13174.508098244183,0.0,27105.09472174149,0.0,23835.23215998549,0.0
2026-06-29,11862.758067492767,0.0,9991.469263978972,0.0,15740.075030211257,0.0,13363.4074200712,0.0,27492.903760316167,0.0,24176.987552827126,0.0
2026-06-30,11954.244545810892,0.0,10037.17089184146,0.0,15855.360799439766,0.0,13424.532511561869,0.0,27717.992607908112,0.0,24287.574660567007,0.0
2026-07-01,11755.436826991581,0.0,10031.265459633263,0.0,15595.864249097607,0.0,13416.634103979888,0.0,27265.2192380376,0.0,24273.284914262484,0.0
2026-07-02,11517.154656031047,0.0,10049.184768913909,0.0,15304.653965735522,0.0,13440.600852440679,0.0,26812.44964051721,0.0,24316.6453956879,0.0
2026-07-06,11628.641879866584,0.0,10083.94831336137,0.0,15436.49817843475,0.0,13487.096457395599,0.0,27097.064634306425,100.0,24500.764933985287,100.0
2026-07-07,11397.658487877421,0.0,10032.472119552232,0.0,15130.311439143758,0.0,13418.247989554533,0.0,26611.02262004781,0.0,24375.694268704032,0.0
2026-07-08,11420.295920110675,0.0,10034.777746024749,0.0,15150.133049288632,0.0,13421.331722797033,0.0,26642.668639242853,0.0,24381.296202636382,0.0
2026-07-09,11598.768257401143,0.0,10103.568373547587,0.0,15371.302735683284,0.0,13513.337929089852,0.0,26997.719522154144,0.0,24548.43539675196,0.0
2026-07-10,11497.231900304643,0.0,10137.032767135466,0.0,15264.374549201642,0.0,13558.0959435285,0.0,26831.00551919667,0.0,24629.743155922904,0.0
2026-07-13,11312.86859194827,0.0,10084.954344144884,0.0,15106.321945155985,100.0,13588.442005170607,100.0,26721.302251679484,300.0,24803.209266599588,300.0
2026-07-14,11452.762918028457,0.0,10138.65360784474,0.0,15274.436158631039,0.0,13660.796257416629,0.0,27031.39676455511,0.0,24935.27868700139,0.0
2026-07-15,11346.807552137378,0.0,10142.916141568492,0.0,15148.332303725358,0.0,13666.539584587357,0.0,26751.79135239894,0.0,24945.7620776394,0.0
2026-07-16,11065.691210543873,0.0,10047.847808693254,0.0,14788.740030670551,0.0,13538.444753047197,0.0,26147.554669212648,0.0,24711.948450481006,0.0
2026-07-17,11079.861152390484,0.0,9970.65492121712,0.0,14781.99673337152,0.0,13434.43525147815,0.0,26161.952899338245,0.0,24522.09817683299,0.0
2026-07-20,11218.934767846382,100.0,10069.368521582432,100.0,15006.70496657716,200.0,13632.701959860267,200.0,26349.09713177738,200.0,24718.934370805637,200.0
2026-07-21,11423.380081134348,0.0,10161.8310691688,0.0,15282.65109800831,0.0,13757.885018856728,0.0,26905.588334158354,0.0,24945.9173877293,0.0
2026-07-22,11441.507010681493,0.0,10162.763740317137,0.0,15263.991673889499,0.0,13759.147742310002,0.0,26835.579455838502,0.0,24948.20696893351,0.0
2026-07-23,11424.154270772799,0.0,10030.278813525134,0.0,15232.304195334771,0.0,13579.779242958917,0.0,26789.8782070587,0.0,24622.974437869307,0.0
2026-07-24,11290.104979661544,0.0,10071.291035975799,0.0,15088.62661062353,0.0,13635.304810841651,0.0,26533.591805717326,0.0,24723.653882959225,0.0
2026-07-27,11345.84357336193,100.0,10157.42746868268,100.0,15098.020174552892,0.0,13616.535224585821,0.0,26584.510926297742,100.0,24789.62070507629,100.0
2026-07-28,11194.063576473354,0.0,10204.608785032002,0.0,14915.406337755823,0.0,13679.784118854934,0.0,26298.06935977827,0.0,24904.76865373475,0.0
2026-07-29,10921.184928531275,0.0,10032.506455873865,0.0,14546.309923874926,0.0,13449.072412131918,0.0,25701.77429875445,0.0,24484.745820645923,0.0
2026-07-30,11200.847266719778,0.0,10128.927905896346,0.0,14878.323764797191,0.0,13578.33014738868,0.0,26403.005125921034,0.0,24720.066346562584,0.0
2026-07-31,11144.3426663511,0.0,10152.017680774437,0.0,14800.55134927893,0.0,13609.28313562558,0.0,26190.9450296571,0.0,24776.41789454639,0.0
2026-08-03,11400.59058067327,100.0,10378.340465156874,100.0,15133.024554243495,100.0,13878.625092387223,100.0,26579.252270063178,100.0,25184.713860321655,100.0
2026-08-04,11570.88089880821,0.0,10599.114590424855,0.0,15479.891020295157,0.0,14173.859318416029,0.0,27257.816903539904,0.0,25720.457815851336,0.0
2026-08-05,11554.74901454982,0.0,10554.947705275228,0.0,15463.736596598572,0.0,14114.79634562687,0.0,27110.789370415154,0.0,25613.279758980927,0.0
2026-08-06,11419.815354140554,0.0,10515.355639056615,0.0,15219.404469875722,0.0,14061.85113289986,0.0,26695.945822203023,0.0,25517.203236708196,0.0
2026-08-07,11534.488267930969,0.0,10609.618203750168,0.0,15374.32204971349,0.0,14187.905466925693,0.0,27133.374041465395,0.0,25745.946524473453,0.0
2026-08-10,11559.809303183627,100.0,10677.37057913516,100.0,15456.551543723572,200.0,14344.781742698848,200.0,27181.292652992197,200.0,25867.692472071663,200.0
2026-08-11,11594.85386239931,0.0,10652.477333751991,0.0,15499.626843067257,0.0,14311.338286817789,0.0,27230.85631746931,0.0,25807.3844766311,0.0
2026-08-12,11715.666624312142,0.0,10681.625177818776,0.0,15687.238587770744,0.0,14350.497690184877,0.0,27532.651359822332,0.0,25877.999939581954,0.0
2026-08-13,11777.644783419142,0.0,10768.944678455357,0.0,15812.37652944925,0.0,14467.80926696586,0.0,27717.270240854185,0.0,26089.545841500527,0.0
