,top 3,SPY top 3,top 5,SPY top 5,top 10,SPY top 10
2024-01-11,300.0,300.0,500.0,500.0,1000.0,1000.0
2024-01-12,299.0533874647458,300.02991412238606,499.53547625420623,500.0498568706434,998.8485731909444,1000.0997137412868
2024-01-16,400.1510774060576,399.90996827447316,700.9428242121309,699.8499471241217,1201.3588406981307,1199.6998942482435
2024-01-17,402.6301803468918,400.1333057044522,707.712878133276,700.2407918165811,1209.2207086480205,1200.3698897781967
2024-01-18,406.04611128383885,403.43255689283166,713.5753110753581,706.014543292943,1220.8339063462909,1210.2673957565437
2024-01-19,410.266763037186,408.7107674383134,721.1674603781823,715.2515107711583,1229.0446824044802,1226.1016312985005
2024-01-22,607.6736632871626,609.0803635613876,824.1176978443225,815.8983109204689,1635.8304548717144,1627.2103919319995
2024-01-23,604.8143934314782,611.5354297598374,806.1966308931368,819.1870138311995,1605.0263381416312,1633.7693116903706
2024-01-24,604.1141821542187,613.4628415641829,807.2098558879072,821.7688932180486,1603.9120367399812,1638.9185575127526
2024-01-25,606.3649304759269,615.4465849985199,809.4072293931814,824.4262320754553,1609.155300903378,1644.218298112508
2024-01-26,608.7640405547838,616.6310757496034,813.2584744245263,826.0129258205288,1611.1488144806895,1647.3827666697284
2024-01-29,713.6044098367175,721.7166945658005,1117.977991572092,1132.8254058319656,2116.5303583424193,2160.969433195527
2024-01-30,716.487168452742,721.7606203501103,1125.1058082556106,1132.8943528922343,2108.8212032258293,2161.1009561018664
2024-01-31,706.5377297618506,709.3987959511813,1105.946216052768,1113.4909098972444,2103.043868035706,2124.087090597913
2024-02-01,714.7117213339293,721.3098445965175,1124.6810970550027,1132.1868034758943,2132.8930539652247,2159.7512400261894
2024-02-02,721.4420341683002,724.1625427788852,1128.845024666768,1136.6644731771623,2134.9045815528293,2168.2928098979205
2024-02-05,813.9347277161273,827.8578029534118,1421.7155819332006,1442.4646502250016,2434.919752680837,2479.357185081401
2024-02-06,817.9848065765003,833.2147147510652,1428.0181935605715,1451.798567082367,2439.483670829155,2495.400638085016
2024-02-07,824.9420707736282,838.9637712771008,1450.5073898381295,1461.8157593844348,2466.5474565947916,2512.6185281072085
2024-02-08,818.6132438305151,837.8897709268175,1445.496481721535,1459.9444144093848,2463.2783967431733,2509.401996867477
2024-02-09,821.0254550834866,842.6142585094005,1454.3654739378342,1468.1763913310137,2485.2881877069362,2523.5513981196195
2024-02-12,1017.2943195908988,1040.6104639359241,1746.6377913707927,1764.6849670450542,2873.00191360354,2917.5502195893796
2024-02-13,1014.4609410335444,1028.749472605633,1734.531542427117,1744.5708957184513,2848.631465504935,2884.295664633867
2024-02-14,1025.851830649739,1044.2375574320693,1762.6255284845904,1770.835854037392,2904.6897744012285,2927.7194690759966
2024-02-15,1026.3295933225002,1049.1680783070146,1768.943714268616,1779.1971154020036,2926.904217887065,2941.543126207964
2024-02-16,1011.7794083757708,1039.8988287514521,1741.762033529885,1763.4781639659188,2891.8987141755792,2915.5550144086906
2024-02-20,1311.2259176987034,1334.0288130902634,2140.865155794577,2153.523691324505,3575.5929077402348,3599.0973041752973
2024-02-21,1306.891079622006,1330.5756024544482,2092.74440070497,2147.949170862586,3508.6573226518826,3589.780832920586
2024-02-22,1334.7861310078906,1357.2021340163988,2135.7860860012374,2190.932400290465,3611.7222452939477,3661.6169709588357
2024-02-23,1328.1269785356249,1357.4768098189484,2137.100552965048,2191.3758096399633,3616.3879776761373,3662.35802312411
2024-02-26,1633.071540607404,1653.2078311420928,2451.5130587355156,2484.4843942311227,4145.337732521077,4150.840678448577
2024-02-27,1636.3734435571318,1651.565757332669,2459.4587050163836,2482.0166423388087,4152.618523698611,4146.717792845946
2024-02-28,1642.352081674275,1650.3137213938314,2467.194733236722,2480.1350496603436,4174.457844604436,4143.574206414823
2024-02-29,1652.5777789841773,1657.1624237786082,2484.761779787762,2490.427460496528,4213.042085526423,4160.769789400708
2024-03-01,1678.465369008494,1677.959900223752,2514.4621529064625,2521.682457414642,4275.360884210039,4212.987671273395
2024-03-04,1881.0860898537076,1870.3288815004573,2711.526931637527,2710.21436092189,4594.860354324419,4493.827864298144
2024-03-05,1865.6126204759998,1849.508383301861,2682.3551262055403,2680.0442588732517,4541.029063866758,4443.802579505258
2024-03-06,1884.4340548895304,1858.7388282817942,2707.3038608296088,2693.419705720998,4580.650874585425,4465.980513696926
2024-03-07,1897.9042791317224,1869.6902675939566,2733.832734845945,2709.28897255966,4610.54382735766,4492.2934705367325
2024-03-08,1872.578211021091,1849.8792939222944,2699.57017223392,2680.5817297427125,4551.980863703684,4444.693764204245
2024-03-11,1853.18959342502,1849.5027483360698,2675.126743795391,2680.0360934830032,4599.960122518654,4543.789040407114
2024-03-12,1895.0581871025838,1871.3830132143355,2722.539346185635,2711.7418585387604,4683.543818923622,4597.543655178308
2024-03-13,1894.6992090701012,1869.0624942727186,2726.158033837199,2708.3792928303615,4691.846267752566,4591.842691205984
2024-03-14,1892.6150804665865,1860.6790646647503,2714.98310347892,2696.231220081217,4656.658301129322,4571.246595521357
2024-03-15,1896.7117746492854,1860.1101154876033,2731.998787353331,2695.4067799275144,4677.515105583348,4569.848822504802
2024-03-18,1913.737225156647,1871.3076978286258,2743.899726424265,2711.6327222034515,4983.6820182809615,4897.358623161204
2024-03-19,1931.974300656956,1883.201602132035,2769.2626754158227,2728.8676751410703,5014.587000187176,4928.48590109147
2024-03-20,1953.6085112710368,1902.479947379681,2808.3120502120028,2756.8031086692454,5077.481346252687,4978.938838600566
2024-03-21,1973.9088787390217,1895.8695212754728,2837.125513204669,2747.2242201985364,5121.967031003269,4961.638836403289
2024-03-22,1985.822400298299,1905.3140595627513,2848.1001479692836,2760.909900589636,5145.645434507979,4986.355931874361
2024-03-25,1993.7066822848624,1909.688449738652,2861.2389840004466,2767.248644108098,5260.4068390507855,5097.80405313944
2024-03-26,1980.8136337733108,1900.7638733968174,2846.6665903942344,2754.316418548184,5236.938675010378,5073.980407217414
2024-03-27,1980.7675852897194,1917.7762818301171,2850.377556693837,2778.9683790166596,5249.323679941593,5119.394058159695
2024-03-28,1981.038104709105,1920.7741951670914,2851.7904622576393,2783.312528251071,5257.6334610925005,5127.396816286175
2024-04-01,1987.794036392636,1921.1023674418905,2855.608937269379,2783.788068794135,5261.936223924654,5128.272853397269
2024-04-02,1981.2496786145316,1918.7561884109232,2837.125212301691,2780.3883201371395,5222.258047872743,5122.009862711488
2024-04-03,2006.6294385934273,1915.275057021069,2877.656942176354,2775.3439600898996,5277.572676792818,5112.717181640322
2024-04-04,1963.0468861967354,1879.713627834179,2819.590975719984,2723.81339932569,5161.31626326919,5017.787981084511
2024-04-05,2007.5235374441297,1899.577325567965,2882.231723874001,2752.597042347836,5251.570991772837,5070.812985677007
2024-04-08,2006.046235039844,1901.793545999708,2984.15388424053,2855.808473503334,5241.501888161483,5076.729059317781
2024-04-09,1967.408666034402,1898.1781881042675,2937.8037949225086,2850.379508969164,5164.401270456985,5067.078068269767
2024-04-10,1960.6369941123187,1879.9266173792228,2917.6245139028365,2822.972227857623,5122.567259093088,5018.356544488739
2024-04-11,1997.6352929580553,1914.8472743563862,2975.8047446786913,2875.4104687515705,5231.437360216747,5111.575240292675
2024-04-12,1967.8667977160374,1891.0338224288123,2929.464443263806,2839.6512466524227,5145.290502705647,5048.006592866315
2024-04-15,1951.2995539305823,1880.8832052622258,3002.186631348439,2924.4086780904454,5108.691022143193,5020.910101110933
2024-04-16,1962.571000171926,1881.6717861229333,3006.072154144112,2925.634768421826,5129.313391095149,5023.015172599685
2024-04-17,1947.9818300892384,1871.290870510331,2985.7244592940606,2909.494457519435,5087.597103656496,4995.303912319263
2024-04-18,1918.6765306207842,1859.049866376943,2949.212690106463,2890.4620696411935,5029.762907106286,4962.627252158166
2024-04-19,1896.7570885110758,1847.1884145807185,2925.089342782733,2872.0198120514697,4962.981491958573,4930.963785244918
2024-04-22,1907.3027641062617,1861.7388545318909,3046.2374243548757,2994.6429248232753,5097.200230432407,5069.805352186479
2024-04-23,1953.4543164933345,1884.5744720383893,3129.521889706768,3031.3744568710395,5229.363794041884,5131.9903012587465
2024-04-24,1954.5262720521512,1874.8293395859093,3100.527783777406,3015.699223000701,5163.498486416905,5105.452785245111
2024-04-25,1954.1105125479648,1868.4870946029932,3098.258296303814,3005.4975993845023,5173.425113271226,5088.181862698162
2024-04-26,1964.6861922338248,1880.9616403712114,3115.146556847178,3025.5631473179537,5223.897937155635,5122.151996988402
2024-04-29,1988.1620797353014,1891.6333209612344,3147.9404968209606,3042.7287517726786,5370.673794316061,5251.212648132048
2024-04-30,1955.1983190951555,1860.132669015838,3086.656842902186,2992.0593443818548,5275.0281554906815,5163.766196387365
2024-05-01,1952.1486919683869,1862.635848286186,3089.1666599988757,2996.085756611081,5268.6184319778795,5170.715073053546
2024-05-02,1971.405873022657,1870.4118800197468,3124.395496378467,3008.5936539230074,5339.824217229782,5192.301495611803
2024-05-03,1993.3116875435799,1891.5659781704642,3158.999801066027,3042.6204295923535,5414.2834033066365,5251.025703172508
2024-05-06,2033.6130203529656,1906.6490043851925,3316.863031026099,3166.8817687317883,5612.715246820067,5392.8964913179825
2024-05-07,2018.753993971177,1907.0894147700596,3288.1287684583353,3167.6132760073215,5597.118359031643,5394.142178182125
2024-05-08,2030.1908550361754,1910.2926036771255,3312.672241036472,3172.933668239064,5626.697287365088,5403.2022968396295
2024-05-09,2062.492557228998,1921.939660388751,3359.7924212933694,3192.2790493105667,5689.692062051228,5436.145628900143
2024-05-10,2055.4275431642163,1917.5907293213377,3339.8361829226046,3185.055616744223,5674.604454067804,5423.844814728002
2024-05-13,2132.5340223019757,2020.474908136139,3410.997594764895,3289.8461436242883,5842.048544304037,5632.002623414815
2024-05-14,2143.6165387993224,2025.3946064306804,3430.3603444908354,3297.8566615460486,5878.880767349243,5645.716109085779
2024-05-15,2191.2644153679576,2046.491639362186,3494.2244686616946,3332.2079876388107,5990.189523493414,5704.523345116299
2024-05-16,2129.275599920208,2028.1678983408735,3405.8094016260875,3302.3722849072465,5851.76654853211,5653.446562580057
2024-05-17,2126.4281127077,2035.1970616781769,3405.481506596326,3313.8175475061594,5860.036179654522,5673.040107739508
2024-05-20,2233.7148147523067,2136.102750477279,3618.297535614956,3515.2922388230636,5994.824179048459,5775.564683358835
2024-05-21,2244.0547600837526,2144.2291146214898,3633.586330636005,3528.665446080818,6000.673818607122,5797.53663285655
2024-05-22,2235.4029002858697,2139.1698622675026,3615.0504556329843,3520.339652515764,5965.624555926742,5783.8574972375545
2024-05-23,2252.534495198015,2129.423026584511,3642.050092172043,3504.2997050825943,5974.186024380806,5757.504139501082
2024-05-24,2316.629707203858,2145.995192824982,3726.451949462491,3531.5718048692725,6092.872940778126,5802.311730354954
2024-05-28,2305.0938248685848,2137.7652728742055,3691.1200050208604,3518.028180283501,6035.848267810467,5780.059788118583
2024-05-29,2288.8858254106312,2124.755776970395,3656.7292754500645,3496.6190135327683,6023.428871616477,5744.884895396985
2024-05-30,2303.7879529978445,2120.4408349273167,3684.9283429225266,3489.518099369526,6055.777787561362,5733.218215566543
2024-05-31,2273.4487944044618,2133.1206963759028,3666.0267802987373,3510.3848009032454,6009.986662640211,5767.5018472673
2024-06-03,2341.063501408368,2231.3901806680065,3724.375749296402,3607.53696578119,5955.665572703183,5762.822903146148
2024-06-04,2291.8628122299315,2222.756176063516,3656.0331990112318,3593.5781830262617,5855.686103479644,5740.524588888203
2024-06-05,2361.2750204008757,2254.4485882941904,3753.0205109558765,3644.815994166358,5999.786523118623,5822.373904458913
2024-06-06,2319.8024397179774,2255.927425150914,3701.3230499480046,3647.206861829581,5942.41705303517,5826.193171470922
2024-06-07,2296.121795515706,2249.068672898473,3666.963766104621,3636.1181681066346,5887.642803200154,5808.479651482435
2024-06-10,2451.9371071345686,2380.2022794209306,3740.338259279669,3686.452545922274,6101.540016444979,5988.8857867606
2024-06-11,2449.580284386979,2389.1751466143805,3732.630757928772,3700.34970474592,6085.772707618847,6011.462639688586
2024-06-12,2483.146086068366,2414.164898300439,3799.9753750729387,3739.053782345345,6185.703650847367,6074.339971578093
2024-06-13,2472.4404704905305,2402.735674171851,3764.764819514127,3721.352222796801,6149.1533108662625,6045.582618251781
2024-06-14,2463.5513457699676,2420.835571483404,3740.8301886665126,3749.3853076745027,6121.549869023189,6091.12421725292
2024-06-17,2572.9641821915884,2548.4614529388614,3874.7464942398756,3892.172217806189,6488.491232202502,6460.634380412486
2024-06-18,2594.288597691723,2545.7762563354363,3902.649253672001,3888.0712149806814,6517.630109995379,6453.827107155812
2024-06-20,2563.616956757599,2536.2977468500594,3862.7175733614854,3873.5950331876816,6453.38148584216,6429.798027106094
2024-06-21,2554.728336738973,2543.572101917264,3862.8013758609577,3884.704890337917,6465.394031279752,6448.239329558722
2024-06-24,2657.6203723936305,2639.7283275658037,3869.798746723915,3878.8344339788387,6579.130942324222,6538.494932327618
2024-06-25,2663.794343041205,2638.7916006171704,3865.4538404928135,3877.4580011445755,6569.441918136671,6536.174699467799
2024-06-26,2643.5575944404777,2647.785017970366,3845.1371123267945,3890.6729886659946,6549.37380311766,6558.451012213361
2024-06-27,2666.527152078853,2659.2867901937516,3888.7252931614266,3907.573769585746,6608.582757461613,6586.940413418046
2024-06-28,2629.1422432605386,2641.8064038128728,3847.236551269738,3881.8879730947365,6556.7361055752435,6543.642238915407
2024-07-01,2612.6107929076165,2640.637965051645,3822.351262775978,3880.1710613755577,6617.911180143143,6640.748065738855
2024-07-02,2608.6636330825227,2657.951969738507,3819.5636103899283,3905.6123754941973,6622.1183910516165,6684.289794918011
2024-07-03,2650.8125663463666,2667.0045933103065,3871.205826017074,3918.9143610286415,6687.2043451410555,6707.055578516488
2024-07-05,2611.14701993171,2666.9304974605016,3817.1278271624315,3918.805484092087,6614.158122586736,6706.869240261191
2024-07-08,2722.8313256320093,2766.22631024252,3936.3915185705714,4017.7707466910642,6741.764993802042,6805.098331121954
2024-07-09,2715.9954561704944,2767.6575418867114,3921.4644788451697,4019.84952116099,6722.886218976689,6808.6192549296975
2024-07-10,2743.3248588419183,2799.22170988728,3956.216139912943,4065.6945015108477,6777.45437228257,6886.269180457696
2024-07-11,2746.899266092978,2770.343769120617,3961.807415200493,4023.7510982515523,6793.502928136506,6815.227550280942
2024-07-12,2753.6071523916244,2777.700185839657,3966.8018624549454,4034.435833547717,6811.721000674314,6833.324818372282
2024-07-15,2735.236926686289,2782.0682363178166,4053.4167541162265,4140.780153738093,6798.832023149298,6844.070509319229
2024-07-16,2781.5485639763133,2794.453858233182,4128.306092088551,4159.214689868209,6913.815564136827,6874.539952370247
2024-07-17,2651.2622060828767,2755.0317451897827,3955.461811216773,4100.53952828246,6664.485934795143,6777.558966148112
2024-07-18,2627.1252311242733,2724.4412036262966,3912.3051757000994,4055.009118300196,6588.073223422803,6702.30422557573
2024-07-19,2636.97378471526,2715.941789474275,3923.0178607704706,4042.358743668956,6598.009928995571,6681.395108759338
2024-07-22,2795.1444333391255,2844.542118822865,4194.387131038004,4284.926957708795,6809.588506297288,6851.753796621926
2024-07-23,2799.6730883974396,2842.525332651778,4212.057069530582,4281.888935745528,6841.910364455161,6846.895889188149
2024-07-24,2707.0579342162487,2788.1198799339813,4089.620739628391,4199.934307809376,6668.178255621086,6715.8474632395955
2024-07-25,2689.9629197212976,2776.4522816000194,4086.570229224111,4182.358612128132,6644.31018074308,6687.743287649021
2024-07-26,2734.492450204241,2804.5046753874453,4150.844086203549,4224.615837842107,6738.564968985599,6755.314125980242
2024-07-29,2838.305873140063,2905.512997139813,4247.147219544398,4326.134741369733,6829.681922890058,6857.742907874272
2024-07-30,2818.218066585044,2899.9546196664683,4245.548638940805,4317.858650394834,6845.872206880639,6844.623736239299
2024-07-31,2911.9596295799893,2948.0166762829003,4366.383549036126,4389.420172602687,7011.480180277108,6958.062302242497
2024-08-01,2853.594464422396,2904.1640494840244,4264.864458468804,4324.126239145259,6880.1948186067675,6854.559051450747
2024-08-02,2781.6983987014282,2859.6869738938667,4140.0562926685425,4257.902538857385,6697.771037766135,6749.581944140731
2024-08-05,2888.4765084324868,2945.0443961688675,4299.242872695417,4387.206610522347,6792.410613618173,6778.996568990813
2024-08-06,2936.136835247602,2961.2996402709573,4375.063906112671,4411.421904007604,6907.086773079637,6816.413405266533
2024-08-07,2890.7328769055625,2948.174171974311,4297.801674838463,4391.869009880726,6767.597809860208,6786.200786174912
2024-08-08,2982.119542645994,3015.8008903376995,4435.950102940462,4492.611934584255,6966.5896803677215,6941.866110729575
2024-08-09,3003.2924757761402,3032.5419972110153,4472.127623689625,4517.55101354606,7022.2498107915935,6980.401321337249
2024-08-12,3023.4176761692615,3034.665569907154,4490.613422949048,4520.714481024696,7243.518990321773,7185.289428300883
2024-08-13,3073.9091081637825,3078.243647269173,4557.543488292682,4585.632357755252,7338.752222654159,7288.470846932319
2024-08-14,3077.519929919598,3070.8998010646387,4551.18204099343,4574.692294964652,7324.689168686904,7271.082551820075
2024-08-15,3123.703562084723,3118.9333832590255,4619.190779440834,4646.247497869035,7425.125307095429,7384.813433327163
2024-08-16,3130.8698116904434,3137.4589969486337,4627.071739459577,4673.84494086472,7449.751664780561,7428.677211107724
2024-08-19,3145.6369850063584,3152.443373406822,4746.47506302205,4796.167034051989,7484.143419894839,7464.156271081373
2024-08-20,3105.030227570276,3129.863240655909,4691.215787100715,4761.813335826028,7400.238753232347,7410.692459202515
2024-08-21,3136.9538371734316,3128.9204670799936,4729.439741645182,4760.37898823916,7459.891416008938,7408.460219487048
2024-08-22,3103.5368670934827,3096.7280443387313,4678.999568405032,4711.401031013857,7375.608875114616,7332.237034603692
2024-08-23,3167.3507953916196,3140.385314833732,4782.063920632771,4777.821751941362,7517.829166776169,7435.605961732555
2024-08-26,3132.381203102957,3113.0812627048826,4727.268196795226,4736.281023304926,7532.307879444637,7470.957151973527
2024-08-27,3143.39054884364,3123.843697956004,4742.366056426888,4752.655127783054,7557.947585635952,7496.785482757978
2024-08-28,3105.6105725529173,3102.0330400760095,4695.636025981354,4719.47211831254,7474.510152559827,7444.442971680638
2024-08-29,3127.010518081864,3117.083513733282,4728.789723908541,4742.370098403414,7526.455851512646,7480.561991494688
2024-08-30,3171.9836182877266,3159.477615286193,4798.431787555066,4806.869018200534,7636.621675966618,7582.301872169381
2024-09-03,3132.5594896756547,3198.0930414605386,4602.3360174197815,4713.477754818769,7564.684938899538,7634.987529194231
2024-09-04,3128.972398763593,3196.9164727178754,4596.54609143247,4711.743680630288,7552.47009038963,7632.178640409254
2024-09-05,3098.8183043346476,3180.049740691967,4555.275503511208,4686.884814684255,7484.817859985566,7591.911741664725
2024-09-06,3024.39196781116,3117.9023408670623,4447.154494678679,4595.2894849684135,7336.094894049715,7443.543755967129
2024-09-09,3070.932113293273,3159.60685732379,4708.046338633928,4856.755273501096,7620.706947781957,7743.107295529685
2024-09-10,3101.2485769808036,3187.654345870169,4748.761701778804,4899.868165090864,7685.518167235996,7811.842022029393
2024-09-11,3173.5695580838565,3225.1905301828992,4829.7027338238595,4957.566502048638,7796.245450662243,7903.83027111315
2024-09-12,3232.0307239033236,3255.332092267495,4908.906668326574,5003.898275973802,7918.907954604597,7977.696850031004
2024-09-13,3259.9360080213073,3252.5527124013997,4960.873722021094,4999.625982479302,8001.4181264944145,7970.885548027299
2024-09-16,3375.2210689955064,3354.252741732372,4992.4663519402,5002.239164052562,8144.968805712487,8075.051733919935
2024-09-17,3373.6111508197546,3343.232594735732,4987.7836045682825,4985.804680683328,8138.058967238922,8048.52175422994
2024-09-18,3380.4243921888396,3335.246620674749,4998.2876127980135,4973.895097450692,8144.0995353920525,8029.29626388872
2024-09-19,3438.9598086633196,3394.6887178436623,5100.4002283364,5062.54184214954,8296.587420240407,8172.397588317772
2024-09-20,3466.1048650406465,3374.506874328576,5119.3686719435345,5032.444405907509,8311.799051896269,8123.811675741
2024-09-23,3487.928909555574,3383.279830416235,5159.254142830491,5045.527625302461,8567.630985606025,8344.931752169907
2024-09-24,3506.9722883624695,3407.9562139416917,5192.593302269325,5082.327825407378,8629.772408847988,8405.79657764459
2024-09-25,3482.722954805975,3376.2950499941294,5142.834639868768,5035.111134694863,8548.07919902405,8327.703642510647
2024-09-26,3503.032390387784,3408.003871640083,5173.760674138878,5082.398897930446,8609.690551977474,8405.914126372594
2024-09-27,3495.3500679097697,3389.0078200566745,5154.745284019433,5054.069848061707,8585.035195391583,8359.05996060152
2024-09-30,3606.768277801439,3504.8324599081293,5282.3175547227,5177.669331856447,8627.79156922983,8398.09177179723
2024-10-01,3607.220707493801,3483.792943619205,5269.403655933303,5146.587772468836,8618.982286570512,8347.6780100412
2024-10-02,3651.8268898423794,3508.1639186747343,5324.491629454771,5182.5908772037665,8700.79701679379,8406.074434813494
2024-10-03,3662.1812388296476,3506.6318826308147,5328.588646168734,5180.3276089503925,8689.370896271064,8402.403452122675
2024-10-04,3722.3706423220287,3542.6423612052113,5408.698517444905,5233.525686939266,8806.099392273669,8488.689831649659
2024-10-07,3790.583080693384,3630.140674241201,5677.467864715298,5515.0570149184305,8877.540104358155,8558.733959114516
2024-10-08,3812.764533824359,3664.070931930535,5719.396531969429,5566.6052392105,8926.640025376504,8638.730872398852
2024-10-09,3809.153231742561,3689.4492603911535,5729.346417079675,5605.161025601035,8954.3613541281,8698.565016888819
2024-10-10,3821.968221873871,3693.907260877518,5745.649921899638,5611.933800835145,8975.100462672548,8709.075584818911
2024-10-11,3872.103375612649,3719.240079907893,5823.904482835419,5650.420447452588,9098.947311953472,8768.80243233583
2024-10-14,4009.6468612883,3852.5678954674577,5971.281768910143,5801.053417215422,9259.136565295908,8947.37897589426
2024-10-15,3984.911859916545,3828.3150754389003,5915.628452367951,5764.534423048102,9182.39083233948,8891.05312313383
2024-10-16,4058.106767038251,3853.804821321504,6005.237711565331,5802.915934151437,9299.623702659012,8950.251668778987
2024-10-17,4033.8464775332363,3861.8118961940113,5981.133787061052,5814.972689622433,9267.989192233008,8968.847663792332
2024-10-18,4047.691674591556,3888.457247157067,5992.861134448988,5855.094267866125,9321.6637636427,9030.730039257447
2024-10-21,4018.966865464209,3868.1146194805824,6059.550104005212,5924.463095879086,9256.344458789987,8983.485395132899
2024-10-22,3989.61130103216,3884.211749941221,5996.2985407093365,5949.117705358164,9188.460801979369,9020.870103349254
2024-10-23,3961.9439164715313,3856.048121114646,5975.456692066713,5905.981863729074,9137.108866053602,8955.46161029083
2024-10-24,3976.9042772941384,3870.3965148932048,6001.371858754899,5927.958081547984,9170.013935066872,8988.784972867561
2024-10-25,3932.743205469682,3853.4597758555583,5951.861832478891,5902.017514821307,9094.667826524417,8949.450319488982
2024-10-28,3974.496507217279,3875.2463056691427,6008.225735485358,5935.386094753713,9286.857593712073,9100.048347635637
2024-10-29,3991.988043990186,3874.2680192622793,6053.930919215221,5933.887736435819,9343.353373295797,9097.751086275173
2024-10-30,3983.3870003907828,3861.168827893235,6029.600037245528,5913.82481599884,9270.812811956339,9066.990906051571
2024-10-31,3931.185979779057,3772.042528077324,5945.579555708195,5777.317621648293,9160.083296570492,8857.700044672214
2024-11-01,3925.22718148853,3778.584065336129,5960.434728714407,5787.336739459573,9178.700958314335,8873.061211583308
2024-11-04,4035.6799257866005,3874.467472032162,5968.22268486333,5781.031702636913,9214.155858347469,8863.394420071541
2024-11-05,4139.495036129358,3921.4874739882143,6113.941802383727,5851.189504690525,9436.2014686833,8970.95935021417
2024-11-06,4247.777473166542,3996.7961473153573,6287.373757334733,5963.556386366626,9642.135714960692,9143.23863240432
2024-11-07,4369.673099360968,4103.273736045275,6511.622344517634,6122.429914280161,9970.0328354208,9386.821233787325
2024-11-08,4429.477100695511,4097.3400634079,6588.967207905168,6113.576375083524,10069.150628946081,9373.24711519573
2024-11-11,4580.506224011066,4231.9698127721595,6861.637838855812,6365.24687699747,10619.759351811554,9852.467583427631
2024-11-12,4561.703072021841,4238.804696614557,6835.015934587657,6375.527130628098,10577.162549380764,9868.379906641865
2024-11-13,4537.8008920075745,4259.904393950091,6836.615633807194,6407.262891635954,10559.946890624444,9917.502205055027
2024-11-14,4500.026711380587,4253.586495011054,6784.413506768614,6397.760227800894,10450.788007795332,9902.793476674125
2024-11-15,4459.207303623649,4212.678568352531,6725.642103310917,6336.231184842757,10365.001839740322,9807.555552222979
2024-11-18,4484.186095669107,4228.4695573170775,6861.44654805537,6459.982191498789,10706.089695004302,10144.318623267085
2024-11-19,4543.72830752272,4219.428087782118,6944.271152193032,6446.169219360976,10803.022589824268,10122.627667108616
2024-11-20,4540.435710363691,4215.804559098674,6951.9713915084685,6440.63342669459,10851.00690840066,10113.934633138017
2024-11-21,4651.612939276798,4263.1193836172015,7104.373992288225,6512.917954143691,11082.600444839383,10227.445360604257
2024-11-22,4691.016809760346,4307.720676077253,7196.236765670488,6581.056922889767,11246.827642795528,10334.44618338217
2024-11-25,4772.862708762193,4417.989028616635,7394.24446512688,6796.744247497709,11581.559160670895,10659.08049574591
2024-11-26,4841.104307581078,4456.183717978419,7494.818884826657,6855.503907950273,11702.873421268629,10751.231079593046
2024-11-27,4769.184235592787,4422.82171694319,7380.085944738044,6804.178975463466,11546.161441814604,10670.740102311238
2024-11-29,4768.534343849608,4420.042519503818,7382.117029235732,6799.903388972336,11523.106189017777,10664.034859489684
2024-12-02,4876.341775968639,4535.4957105021695,7499.227523118792,6923.676962501651,11662.843156064946,10801.318068139737
2024-12-03,4924.106552208344,4556.546217459009,7580.45442833742,6955.811688090426,11794.015276098069,10851.450013058113
2024-12-04,4988.413486491017,4580.651599376894,7669.0011593461595,6992.609843818081,11901.452143838771,10908.857166293019
2024-12-05,4959.721564947467,4571.672500108295,7632.148775789025,6978.90276818221,11835.49549905478,10887.473372027496
2024-12-06,4922.952667878205,4549.420686042829,7587.252994703048,6944.934182992682,11781.325913903078,10834.48050495066
2024-12-09,4907.574348183933,4634.616753581938,7393.3108203364745,6922.335187717133,11539.412891372447,10799.224825444868
2024-12-10,4864.178346423618,4624.697913768286,7317.202295818708,6907.520255325948,11414.541197771176,10776.112713516217
2024-12-11,4927.708422208401,4670.288432408424,7421.56280015903,6975.614958337797,11568.696467915292,10882.344207268741
2024-12-12,4907.191729524893,4657.77353882061,7390.0994216791005,6956.922519920639,11515.6470670295,10853.182972002229
2024-12-13,4895.956588591536,4671.430067541699,7371.791454969497,6977.320122211055,11480.187437021472,10885.004356991658
2024-12-16,4884.731042211465,4675.309108030572,7586.833092505348,7183.113917016193,11579.684513459675,10994.04299655424
2024-12-17,4835.837952573154,4652.816139500303,7501.371186387634,7148.555869291121,11470.438806149285,10941.15052304545
2024-12-18,4674.193575923505,4523.737437617112,7231.602223225907,6950.240207489221,11064.468366950423,10637.620474945381
2024-12-19,4777.693169468914,4585.6150501119255,7378.475472266381,7045.308561087441,11264.942151646621,10783.126390505831
2024-12-20,4830.112362918363,4634.11202325795,7466.267833304459,7119.818989101709,11395.300315035034,10897.16757915244
2024-12-23,4816.335519577128,4631.421057713346,7428.8312010759955,7115.684607479659,11336.084528591226,10890.839742807075
2024-12-24,4870.763198996204,4695.162036306899,7510.83494309726,7213.615824398159,11463.715487848689,11040.727385122806
2024-12-26,4878.064612539039,4698.308469666573,7524.654270965867,7218.449983751604,11487.47794753727,11048.126259259841
2024-12-27,4813.1241827063905,4638.312243969882,7414.944054554128,7126.272180356721,11303.92632321878,10907.044446335978
2024-12-30,4870.960405579436,4682.6578731984,7451.58974358395,7140.765174083117,11194.522018297539,10776.172555072817
2024-12-31,4848.741313475649,4676.035945680893,7412.968774358336,7130.667142007581,11146.269341092175,10760.933552884706
2025-01-02,4941.137020280887,4689.010080176577,7541.441434094314,7150.451898929695,11309.30433620743,10790.790850997055
2025-01-03,5096.41100574484,4786.317197101159,7772.54080145908,7298.839265792969,11644.26226151785,11014.723137149687
2025-01-06,5120.974378240208,4796.539340836543,7806.321471244853,7314.427406111288,11668.071195849336,11038.24729538592
2025-01-07,5014.5627579620705,4705.323632504209,7631.860173312818,7175.329062600671,11406.559547561048,10828.333131391906
2025-01-08,5064.902691828688,4730.796169711379,7712.343971978319,7214.173114741566,11517.275358594716,10886.952928907132
2025-01-10,5030.736232854722,4680.256837033186,7647.374989106103,7137.103741645696,11406.982414459959,10770.647064907198
2025-01-13,5100.380661126423,4811.842182322213,7621.790311025541,7185.26945004438,11493.657553531466,10943.334231098486
2025-01-14,5180.127817816629,4808.689664846529,7740.720843097395,7180.561962423115,11641.600156756931,10936.164616822165
2025-01-15,5239.163148325408,4876.406009707475,7829.201112990717,7281.67919893298,11763.062915010449,11090.168544349985
2025-01-16,5279.410572369216,4872.496358034414,7881.532507355991,7275.841122856844,11852.159506533366,11081.2770172873
2025-01-17,5299.831937909943,4918.223788542292,7920.628842450767,7344.123476476911,11913.286213451556,11185.272646532052
2025-01-21,5378.283464685296,4906.691344462793,8019.865546293617,7326.902687641983,12025.132947850612,11159.044980436298
2025-01-22,5425.067128583262,4941.268408960621,8097.189871920848,7378.534789401514,12120.01580387026,11237.681884805297
2025-01-23,5452.047537968256,4966.221362199468,8139.707425736802,7415.795714802219,12175.02114269797,11294.431149847462
2025-01-24,5419.965816919753,4948.940446311752,8097.844347502615,7389.991037031829,12126.732963244725,11255.130019175816
2025-01-27,5076.5212575910655,4954.897648470993,7668.619673251911,7349.561900597475,11646.381199671994,11141.253144206823
2025-01-28,5181.540948546145,5008.248028192266,7821.975254670096,7428.696112038327,11854.156843119254,11261.213258014159
2025-01-29,5206.419686770765,4993.452219335316,7831.696454652131,7406.749601579706,11866.896179974116,11227.94438675918
2025-01-30,5328.573117264466,5022.084338968889,7997.669517066788,7449.219406310625,12116.610390348898,11292.324665732507
2025-01-31,5259.625647455714,5008.793712646047,7923.590947309223,7429.505521627744,12011.045984393772,11262.440247766068
2025-02-03,5397.930788094102,5147.659152423623,7975.035166550829,7487.154332098608,12314.412229319412,11549.830489470962
2025-02-04,5376.486094964014,5142.255718777837,7964.099997671838,7479.295159524952,12362.649634119422,11537.706776376914
2025-02-05,5437.77396164239,5140.497164968778,8038.457304367958,7476.737382605413,12459.439694664776,11533.76109974996
2025-02-06,5455.398196369611,5144.452615342987,8060.522629404529,7482.490496113466,12507.23876992711,11542.635965000143
2025-02-07,5490.0842832664175,5104.784659476731,8114.329941501785,7424.7943474728345,12548.825031515804,11453.632759357948
2025-02-10,5674.036258927099,5276.388739961412,8317.87754447212,7628.940870294651,12844.678574957305,11714.291219342258
2025-02-11,5607.121575910516,5285.574716971106,8225.337578364057,7642.222544351775,12711.900737259739,11734.685321279963
2025-02-12,5528.300211882972,5236.308576133587,8115.3088147789795,7570.990401710254,12605.455699661497,11625.307875935016
2025-02-13,5528.689711341298,5277.824400030761,8193.49869211289,7631.016639597993,12720.815388371424,11717.478577395876
2025-02-14,5470.283556776461,5242.409904645203,8152.886512447709,7579.812093351895,12639.561048633785,11638.853644173934
2025-02-18,5591.538676313849,5345.9193696220855,8268.480497694472,7684.886302648158,12790.139304205242,11746.645127476124
2025-02-19,5569.270031308111,5377.5002249221,8230.622479964846,7730.2845336241235,12699.595518536758,11816.038074578819
2025-02-20,5514.52746516352,5369.170507525351,8126.330797538839,7718.310366656519,12492.467431302233,11797.73509851304
2025-02-21,5289.10345163273,5237.354637728582,7769.990116087727,7528.82191719933,11932.53443105169,11508.094694755564
2025-02-24,5239.714535712883,5226.3330818440845,7704.609330661099,7512.978168351949,12033.801858494673,11683.87691353284
2025-02-25,5218.719594991299,5207.041988581295,7666.27750374596,7485.246762745507,11964.987221062029,11640.75016372944
2025-02-26,5265.609114685768,5178.605698159795,7703.966838215523,7444.368918608895,12018.534326119787,11577.178609456241
2025-02-27,5085.3908563683735,5113.106261852124,7492.473562460828,7350.2119203248785,11709.392883400094,11430.749489891861
2025-02-28,5207.725709572505,5239.6869339363575,7654.113801866257,7532.174648496158,11932.503253793182,11713.730495714515
2025-03-03,5253.144402106091,5338.629970504567,7543.606180678202,7486.902858862134,11812.71652095215,11687.809739516591
2025-03-04,5196.48609113987,5239.617385404166,7426.163243873978,7348.047457654875,11634.903918153292,11471.04246722673
2025-03-05,5180.448653579978,5225.189336777808,7405.740328151216,7327.813540131972,11626.49520266473,11439.455283213407
2025-03-06,4913.736563165663,5052.586707140791,7014.795551681558,7085.755347596412,11045.508662010156,11061.578054995052
2025-03-07,4911.029925173095,5084.197094136808,7020.20057104782,7130.085802802666,11077.798335052814,11130.782362287962
2025-03-10,4822.1786884400535,5015.675800545293,6933.8981951207825,7093.751282197146,10953.45629621829,11061.840362666908
2025-03-11,4897.7690347375665,4983.704996325304,7043.480948409539,7048.53445749652,11087.029545094685,10991.33023669163
2025-03-12,4930.744440985686,4975.8286744004,7076.131265715749,7037.394848204448,11111.064985280089,10973.959373971837
2025-03-13,4855.488092078164,4922.090648246143,6976.120459907461,6961.392290006196,10940.400132538076,10855.442649533908
2025-03-14,5021.224858457922,5037.925151053559,7211.196231717126,7125.218897922807,11294.831322738635,11110.910273339501
2025-03-17,5179.85531281827,5164.815231544692,7492.406499869666,7363.249973005776,11646.575384853806,11370.215098762996
2025-03-18,5090.044551453836,5091.257639480448,7359.2138398962425,7258.382148408026,11437.773624873205,11208.279849112763
2025-03-19,5220.2326094319915,5137.152312802627,7538.173837383833,7323.812166124183,11690.461151597601,11309.315856049368
2025-03-20,5221.870091859366,5135.241780940534,7535.322666633709,7321.088404856584,11670.146124598072,11305.109866628418
2025-03-21,5231.464229974408,5163.056366909795,7553.075530326311,7360.742437035015,11706.820834544476,11366.34300105343
2025-03-24,5363.751520167669,5265.675282832376,7771.219159391844,7507.041713199216,12024.309619793577,11592.256048264735
2025-03-25,5372.738898123353,5294.061968751501,7801.322463465872,7547.511363120305,12066.115003722798,11654.748646813116
2025-03-26,5245.454431125398,5238.65811296537,7627.329354051979,7468.524522094505,11839.460350778942,11532.778405991789
2025-03-27,5204.814010622358,5246.839385983813,7533.51756446174,7480.188203297327,11745.686545014416,11550.789279533456
2025-03-28,5106.069000349828,5113.122202482062,7382.308596586653,7289.55349447054,11493.065610918537,11256.414152708063
2025-03-31,5079.759407899898,5136.547776639032,7338.116903066875,7322.950305497865,11603.486401186625,11307.98498439048
2025-04-01,5130.887823225361,5153.453672872284,7423.31031131188,7347.052298386759,11659.90110866343,11345.20290371418
2025-04-02,5229.236299885616,5197.063347165165,7561.658531030963,7409.224693460766,11844.564345312212,11441.208540870102
2025-04-03,4913.65853083295,4889.899563847725,7065.1957679482,6971.314793914551,11135.689151951754,10764.994943617256
2025-04-04,4580.459167320272,4547.3341364414355,6554.246119214932,6482.9343270401,10352.369786266605,10010.84548804336
2025-04-07,4755.24756489065,4663.697908534263,6737.308614597839,6606.263437379783,10437.578195523602,10046.869934259015
2025-04-08,4735.773519267204,4619.747755035031,6715.770358894427,6544.006769425821,10373.213076284097,9952.189385806367
2025-04-09,5164.285225265899,5074.653417145907,7361.6287082388535,7188.393842087786,11289.557720139344,10932.17953723158
2025-04-10,5036.155644909052,4864.861154172885,7151.235203889321,6891.217012990934,10982.225014049125,10480.230114125347
2025-04-11,4987.692831984278,4817.171642629517,7074.708579151364,6823.663435843722,10855.461293428081,10377.493974456484
2025-04-14,4971.764968439955,4827.326898747194,7152.602267838065,6938.048650860472,10944.571776299654,10499.371149900602
2025-04-15,5006.257301621075,4815.281206206032,7203.957244759448,6920.736046465362,11028.625197396586,10473.171930456801
2025-04-16,4969.3630349438545,4727.840175958922,7144.309107835658,6795.061913625248,10927.5819476245,10282.988864434827
2025-04-17,4938.381223389718,4691.331330757477,7105.0804852441615,6742.5897795627925,10871.17681969995,10203.582616616035
2025-04-21,4768.848537550808,4579.665207737848,6874.4452562550605,6582.098267300753,10557.191205255278,9960.710299276636
2025-04-22,4848.241381390001,4651.478749137132,6992.247800785925,6685.311878988853,10730.839335841783,10116.903787009052
2025-04-23,5027.854912361229,4790.770959454126,7240.6345377792495,6885.5088310775955,11113.26821923402,10419.862473065237
2025-04-24,5136.957396707836,4901.93874058154,7423.425932574439,7045.284104235578,11391.208256306705,10661.650903484266
2025-04-25,5172.988072581856,4918.006877722994,7465.986204009903,7068.377944688987,11441.602660324119,10696.598885892381
2025-04-28,5303.238737251442,5032.358363940185,7513.063291536424,7089.004538179653,11715.638879388747,10927.81317560333
2025-04-29,5316.098794007667,5034.763213971653,7530.929932956213,7092.392212815243,11748.258532340737,10933.035329901313
2025-04-30,5332.264342576765,5045.553080515309,7542.788944412515,7107.591729098191,11716.43701336583,10956.465625848372
2025-05-01,5422.772431066467,5110.190301906499,7673.00908904026,7198.645172163938,11829.878659265483,11096.825955632195
2025-05-02,5558.264746427041,5199.084279203325,7886.527740530441,7323.868727980149,12166.372979542517,11289.860057356114
2025-05-05,5566.782510137532,5157.066518830745,7891.182672784939,7264.678965959275,12266.185185428572,11298.618098377397
2025-05-06,5580.716548326265,5118.421164008192,7890.790269876041,7210.239858903685,12212.10831548609,11213.949982536358
2025-05-07,5630.832741697821,5126.629922990406,7930.407906905905,7221.80340932464,12249.618072298568,11231.934554281359
2025-05-08,5627.898450343314,5179.039393579359,7989.942705360992,7295.631811036035,12356.104107733436,11346.758474190186
2025-05-09,5665.529995408875,5210.2195445103325,8022.960083412699,7339.554802100156,12422.795385989333,11415.071073287458
2025-05-12,5912.0760998113565,5479.80528073216,8340.994949228976,7678.447576967205,12926.279826701088,11986.616497707739
2025-05-13,6058.068645024261,5582.6439200135765,8561.954640048352,7822.54778859069,13259.404463790293,12211.567434294257
2025-05-14,6000.94642678677,5544.812957628468,8480.494969811567,7769.538047080046,13153.92710982046,12128.815362894211
2025-05-15,6029.734048423123,5573.702981134338,8514.625141096814,7810.019509399004,13211.397893048594,12192.009877048253
2025-05-16,6093.556750906653,5603.613182656756,8583.548436501766,7851.930472041042,13326.583420108253,12257.435945430463
2025-05-19,6112.536924164192,5612.317022758534,8721.777608112376,7964.12652217713,13461.56584527682,12376.474868898094
2025-05-20,6096.891287693729,5570.6067076342815,8682.801290431273,7904.937736942371,13390.023793085542,12284.493844872584
2025-05-21,5969.245635326423,5450.283498426465,8499.526638982024,7734.193771874191,13073.992434924503,12019.152958235754
2025-05-22,5935.330191576823,5431.631248360992,8449.936083578232,7707.725402599553,12998.324597216604,11978.020373734986
2025-05-23,5960.024593980934,5418.150917056559,8482.074080199245,7688.596215200832,13063.205794484253,11948.29308268261
2025-05-27,6107.891172833312,5579.0079381212445,8567.012832017175,7774.955024504827,13168.25586658099,12082.49708234065
2025-05-28,6106.999044812441,5571.871297549109,8575.977778793878,7765.009338804099,13181.02530475038,12067.041209209272
2025-05-29,6147.775300247169,5645.362650593556,8630.254819496316,7867.427541278105,13275.49267060612,12226.201954020085
2025-05-30,6097.557104307726,5567.338961306095,8565.078552624178,7758.69303475216,13183.68462853495,12057.225496444606
2025-06-02,6176.392269834627,5611.057942590539,8677.98419577861,7819.620195454171,13333.613614713502,12151.908004458759
2025-06-03,6180.851230156613,5593.723011120657,8664.847777568535,7795.462080960326,13281.491909446306,12114.365620359204
2025-06-04,6215.86295647689,5626.104682390879,8725.781977327655,7840.589465709857,13357.102064339082,12184.494835621717
2025-06-05,6209.2917187483445,5580.493583655663,8712.717696207566,7777.025433319543,13304.15191423933,12085.714555417242
2025-06-06,6254.5355063792695,5622.151248172001,8776.780391783308,7835.079924661512,13385.864332283516,12175.932855078827
2025-06-09,6198.412722805098,5649.906096135972,8707.199068756188,7873.759327348384,13544.12269350821,12436.041726273303
2025-06-10,6131.575298486043,5671.893204059068,8613.760949568405,7904.400756275722,13419.955913509544,12484.43767957219
2025-06-11,6167.794619813572,5651.062591345545,8648.517098713919,7875.37102934634,13458.619937963857,12438.587294719531
2025-06-12,6188.29753920543,5638.091376237111,8648.21620963992,7857.294228739525,13437.657495657193,12410.036276422205
2025-06-13,6067.041457331796,5531.360205528853,8461.462879410921,7708.552721078415,13161.744520996304,12175.109665282658
2025-06-16,6161.144867611936,5605.039061178511,8595.691741933524,7811.2322288487485,13572.833878485113,12537.284630248865
2025-06-17,6165.37945444953,5559.712293602032,8575.21451043318,7748.06444288715,13520.857620514384,12435.898256260605
2025-06-18,6223.149274474337,5592.13642995912,8631.519028497605,7793.25100735898,13606.529646270446,12508.424178374935
2025-06-20,6192.924064961736,5564.397406337877,8569.637333354913,7754.593657616714,13519.87234940653,12446.377860640338
2025-06-23,6263.234862258391,5625.181937884849,8792.01566107138,7939.3035207689145,13829.424491770342,12682.339977015043
2025-06-24,6280.300143118809,5639.183105883946,8823.292976423936,7959.0645744766125,13883.002047492144,12713.906524479751
2025-06-25,6228.522341293208,5635.929946054774,8748.29953164728,7954.473109956785,13756.608234113439,12706.572063228768
2025-06-26,6291.130103211228,5645.264572608453,8830.244576234958,7967.64787199667,13834.279999241386,12727.617588301468
2025-06-27,6347.395047048674,5669.202897739272,8879.962901247147,8001.434091018749,13849.840115839717,12781.588105369492
2025-06-30,6376.2592588959915,5679.191711888502,9022.769444202097,8115.532164328909,13936.251984888571,12804.108539091745
2025-07-01,6257.479940276697,5648.590410009514,8873.409049232734,8071.803080637405,13716.372341055094,12735.115905883773
2025-07-02,6248.995881642432,5665.368140832662,8859.60491084563,8095.7783611081595,13717.729168427113,12772.94239553186
2025-07-03,6352.687408467041,5712.58092862146,8988.592873972675,8163.245162249165,13898.575889227837,12879.386708375785
2025-07-07,6357.816502105074,5679.377916836028,8992.761602650657,8115.798250123767,13913.475957845707,12804.528350304256
2025-07-08,6288.289548285487,5697.665573499279,8922.703278380382,8141.931205901635,13815.983151529366,12845.759066349945
2025-07-09,6314.402978653397,5737.685403156177,8979.922052372583,8199.119311404684,13936.421684878676,12935.986385418997
2025-07-10,6273.150374443781,5750.628537874613,8929.837308436965,8217.614976182971,13881.957577084897,12965.167527767833
2025-07-11,6251.766290687899,5744.328158396694,8895.079455570538,8208.611770287755,13835.779152119492,12950.96291084957
2025-07-14,6512.575335096527,5965.45957829464,9086.04763629804,8338.808447307958,13982.550157318428,12998.605076792308
2025-07-15,6465.995731756783,5948.01681747742,9020.625312094666,8314.426111070825,13883.518511681516,12960.597685017005
2025-07-16,6498.145979459273,5998.189033881557,9073.590831198637,8384.559266191554,13987.025715513455,13069.92183989648
2025-07-17,6546.869475858615,6020.185656159949,9138.958749000678,8415.307210630688,14072.426977624573,13117.851995531182
2025-07-18,6564.326495934542,6026.276321483823,9159.268784966356,8423.821037735852,14102.88806172531,13131.12342117088
2025-07-21,6527.23144054138,6029.778834859364,9127.244202964697,8428.717020642021,14135.677144250203,13238.75532069971
2025-07-22,6505.62067886417,5997.745758007541,9095.71332881422,8383.939633696486,14088.608950250533,13168.424703570143
2025-07-23,6590.421987421285,6025.7815419328745,9206.165975859467,8423.129410905622,14237.815385181193,13229.979014893428
2025-07-24,6520.8812333936075,6009.802720261164,9129.622282094233,8400.793439739395,14107.748577509146,13194.89651581371
2025-07-25,6636.059585242729,6044.498973848156,9262.73620371659,8449.293544166196,14285.511078702992,13271.074303484402
2025-07-28,6643.081645611001,6042.626029525035,9272.194957877824,8446.675451840198,14387.256796447522,13366.962137466013
2025-07-29,6725.829823363011,6109.87181145016,9402.26896207773,8540.674864124097,14541.708732274834,13515.71730061949
2025-07-30,6829.92577094513,6126.379030938351,9511.3113791441,8563.749455361047,14683.591038905246,13552.233109609715
2025-07-31,6893.633858165168,6168.32828502381,9606.270266660616,8622.388155319533,14794.883926069204,13645.029534262749
2025-08-01,6831.701542958332,6070.20884461421,9496.930337675187,8485.232047262121,14653.363007522548,13427.97839813484
2025-08-04,6884.615193348787,6075.8135482577345,9569.405118210336,8493.066573583837,14770.832456958455,13440.376627154583
2025-08-05,6865.547299963103,6046.3408645033505,9544.035797068129,8451.868228170499,14721.129399330568,13375.17976640076
2025-08-06,6850.21536944481,6095.265015943936,9563.56238734031,8520.256777611772,14757.054943664867,13483.405441251165
2025-08-07,6792.386728952806,6046.296665329906,9516.299452870328,8451.80644442424,14681.371158193522,13375.081992903766
2025-08-08,6801.0427095312125,6086.407135044592,9527.744561124997,8507.8748024933,14632.39949839402,13463.810821623672
2025-08-11,6792.309334357926,6089.3373757258105,9721.175759406553,8711.970834898599,15122.142554354303,13970.292840541959
2025-08-12,6941.609557759871,6169.792406378787,9957.880776014248,8827.077263943524,15464.001240770223,14154.874555984008
2025-08-13,6906.8289144796345,6159.839123884566,9899.687925514936,8812.837174841741,15405.17090350565,14132.039514568305
2025-08-14,6820.205349273865,6141.564379635885,9767.15442139243,8786.69163073962,15200.211978917498,14090.11319106424
2025-08-15,6848.946874511669,6159.551779369684,9809.696614684375,8812.426073127586,15261.737803700385,14131.380282410297
2025-08-18,6967.601183491528,6229.1517055227505,9823.362375458579,8768.93290787959,15256.859655276647,14061.635758858563
2025-08-19,6896.993755911198,6215.666038602922,9737.876560361035,8749.94879671512,15104.381614488546,14031.193325417138
2025-08-20,6929.773000711039,6212.89387487368,9764.362398770394,8746.046352385529,15146.846399800776,14024.935465845352
2025-08-21,6936.546127247387,6183.070058536055,9781.861994794259,8704.062618984128,15182.79464068217,13957.611428463671
2025-08-22,7045.493011570578,6298.943084535115,9971.58894750048,8867.179980521156,15492.464258377948,14219.182243062862
2025-08-25,6973.599854208338,6219.512817364858,9973.354426091262,8855.36400354737,15508.835283530907,14239.877012113564
2025-08-26,7099.334847891575,6294.553628276593,10159.64543645648,8962.207371389537,15823.912948268444,14411.6865974703
2025-08-27,7101.261916424186,6297.534195257419,10149.331669693316,8966.451113034138,15794.096825548717,14418.510750499592
2025-08-28,7139.793412436458,6315.2015227587,10215.729549079539,8991.605915441958,15906.200182975845,14458.960955867535
2025-08-29,7046.215777688597,6259.479053630696,10091.630866573938,8912.268069891223,15739.35475544825,14331.38165335711
2025-09-02,7006.695779091711,6194.877151139433,10125.57382582826,8920.28765620278,15670.807705319572,14183.472456409127
2025-09-03,7077.017739589357,6271.212483303983,10233.339585143136,9030.20640109901,15807.690608747702,14358.245911118813
2025-09-04,7134.693003882958,6310.37780794231,10321.089284834692,9086.602347846425,15906.94614389975,14447.916826247749
2025-09-05,7131.088146888294,6294.009589154339,10310.88733810762,9063.032999101306,15938.453196718578,14410.440993446615
2025-09-08,7243.61116097706,6379.169398282043,10421.3567470323,9141.663927814803,16055.284298888002,14476.463654857043
2025-09-09,7243.594145390149,6363.511935065548,10408.936684874088,9119.226011880815,16039.882784695932,14440.93164700005
2025-09-10,7360.271433678929,6418.109796135447,10553.506762979187,9197.467435789853,16229.596341501048,14564.832409319388
2025-09-11,7461.955993810442,6471.0671294093,10686.77698736907,9273.357902569622,16468.570127693274,14685.010266738183
2025-09-12,7426.93224915173,6451.640260054904,10599.331286785737,9245.518241993233,16357.287989881579,14640.92421876267
2025-09-15,7466.145558720858,6490.55523376617,10656.934777030167,9301.285315920437,16425.17803637414,14729.235277364216
2025-09-16,7387.138496337106,6461.096109631065,10570.167326212859,9259.068940145333,16288.982394481794,14662.382696217737
2025-09-17,7312.632195891382,6394.541781210146,10467.254078473474,9163.693309655053,16162.865823366014,14511.348720427986
2025-09-18,7451.227375176788,6448.901444913556,10660.300451087589,9241.593385006467,16481.072772766423,14634.708933452677
2025-09-19,7523.951028839174,6500.232650946166,10763.531565373181,9315.153531361246,16660.64408415607,14751.196565634258
2025-09-22,7782.520033906791,6661.095718034044,10927.03457042104,9402.373304061317,16871.118082838326,14889.3151706768
2025-09-23,7688.822718704766,6588.835331238677,10820.323098151855,9300.37520036999,16733.733599730505,14727.794045790642
2025-09-24,7590.163754981661,6560.431010180288,10677.054120719591,9260.281491865497,16517.681988796423,14664.302856600485
2025-09-25,7568.520680913675,6568.971261311781,10662.186800428486,9272.336359810319,16521.780624541934,14683.392582392784
2025-09-26,7715.579585313131,6653.005306185238,10864.553454969664,9390.953400248778,16829.71261584777,14871.23095495966
2025-09-29,7701.61760902206,6645.7923669028,10869.930582276163,9380.772080144128,16868.407523304442,14855.108123096963
2025-09-30,7677.713296445648,6657.626731732005,10839.834989739651,9397.476706627634,16830.827903495796,14881.561066463288
2025-10-01,7701.083106214865,6677.805094032753,10841.202835159549,9425.959182041188,16867.287734753398,14926.665056653748
2025-10-02,7709.202458367916,6686.516293265884,10844.998388994765,9438.255349306011,16913.469624771253,14946.136896781416
2025-10-03,7686.732316454977,6691.5171532704,10814.352537312781,9445.314240904958,16837.328936674214,14957.315144908085
2025-10-06,7670.294393842942,6722.758584497722,10764.551650866619,9489.412631227915,16929.624941023463,15127.148027607434
2025-10-07,7614.804474331042,6699.08911505184,10696.705459564968,9456.002334024599,16825.798603298368,15073.888407535933
2025-10-08,7769.24412392223,6771.234202077005,10909.784889927498,9557.837687993178,17126.59323386921,15236.22495393682
2025-10-09,7733.668349382431,6764.758633340059,10838.523835369893,9548.697192615511,16999.535106485677,15221.654017673747
2025-10-10,7571.4809082950205,6619.206605162125,10608.182859503135,9343.245332738008,16608.153308977784,14894.141576420354
2025-10-13,7769.827174362451,6699.939271474087,10840.135019069041,9457.2023600244,16949.224730588394,15075.80137851121
2025-10-14,7821.428024655705,6712.328948330727,10917.449448357962,9474.690829167312,17072.39852396553,15103.679886041855
2025-10-15,7902.173626372173,6721.540597519259,11008.141882895856,9487.693399327374,17242.990326865827,15124.407386382956
2025-10-16,7836.9078783455925,6650.514827132181,10919.145227607289,9387.438000567701,17111.31518263763,14964.589459126468
2025-10-17,7721.823466444214,6657.809094895902,10769.830880177791,9397.73411871364,16847.78625029202,14981.002582820845
2025-10-20,7843.838007601007,6751.373296181861,10921.627214402864,9529.80331357676,17200.473796744165,15291.53513506827
2025-10-21,7786.803300986927,6758.828156223018,10865.785063320993,9540.32611342885,17062.001715005146,15308.420033776334
2025-10-22,7730.744933042541,6749.2131844327905,10793.153355870341,9526.754239084667,16905.22142365907,15286.64258606268
2025-10-23,7880.2096329964315,6784.510160026208,10983.115031109237,9576.577174391712,17192.199380437996,15366.58853465267
2025-10-24,8014.191437959164,6834.319159939872,11138.141541845369,9646.884347702899,17407.972725535703,15479.403518924559
2025-10-27,8045.970775397292,6906.834997369182,11208.153128533188,9749.243029041323,17676.23462582056,15843.64839581891
2025-10-28,7992.083620308291,6913.257543802085,11105.749144958472,9758.308681552717,17539.9273937483,15858.381130498035
2025-10-29,8004.322844519707,6912.951613006145,11077.686212058406,9757.87684936318,17529.036117072028,15857.679353205516
2025-10-30,7890.204300563821,6869.0425515673915,10966.807767138456,9695.897648860117,17356.06347387671,15756.955978303551
2025-10-31,7864.233579313054,6909.966230175154,10966.66387003345,9753.66287541344,17370.929454750385,15850.831157770248
2025-11-03,8046.15666098544,7049.612075087997,11258.423380356095,10009.62439429933,17519.644747807404,15941.77510349843
2025-11-04,7876.355511700227,6971.429971564857,11045.565556378991,9898.614954022703,17157.14135133593,15764.976508312075
2025-11-05,8035.909194099973,7016.057425025668,11227.343443872622,9961.980716856002,17414.154954884445,15865.895653782247
2025-11-06,7871.618596391187,6934.0030338168235,11011.300651623264,9845.473081094617,17043.10320256461,15680.340386772814
2025-11-07,7879.312743718458,6909.310290570265,11045.605557701809,9810.412274552316,17086.965565025082,15624.500979535622
2025-11-10,8177.7554070733695,7220.367097552388,11301.41264961625,10068.099947644225,17583.812976933274,16075.641414181388
2025-11-11,8143.870494224685,7228.542671957344,11220.929674758198,10079.49999131602,17499.945435424794,16093.843757734476
2025-11-12,8141.254571194889,7213.673396327183,11211.209593248162,10058.766232052689,17490.15485809982,16060.738357428701
2025-11-13,7893.149789526961,7091.093260056851,10906.936327941963,9887.84014936308,17022.01072025082,15787.822273168751
2025-11-14,7881.871860112005,7065.686171711844,10880.216429424712,9852.41243476352,16945.908365339285,15731.255171234116
2025-11-17,7883.0749291895545,7109.875021016621,10916.025106637499,9974.589211123957,16815.604038480906,15706.995554878404
2025-11-18,7911.386177967944,7065.237280698078,10932.83902304762,9911.966011465154,16844.15674064386,15608.382740069334
2025-11-19,7960.240040137811,7098.285874526213,10983.849494321092,9958.330560274591,16924.047810281445,15681.393041209516
2025-11-20,7767.113846824615,7014.620625690684,10728.990842845282,9840.95486999677,16509.173069098513,15496.561424947218
2025-11-21,7860.25948962145,7088.255440962586,10869.924797343809,9944.258659698153,16733.70439952618,15659.234005371098
2025-11-24,8114.713649734619,7209.4259989774455,11189.660698192258,10114.251315983702,17203.537062609987,15926.921610356509
2025-11-25,8175.609529035089,7269.366416281076,11303.463166853242,10198.342954441443,17399.748515940788,16059.34079710208
2025-11-26,8256.37264696994,7291.21780411545,11406.68725342717,10228.998713747558,17561.818488144,16107.61445178207
2025-11-28,8291.379086791536,7308.8877640081555,11459.92021503895,10253.788262197533,17641.15719930779,16146.650578390369
2025-12-01,8177.047562396774,7274.507022391631,11433.776474536635,10305.554815985764,17663.852839819694,16270.697322651291
2025-12-02,8154.028371204132,7284.090982990194,11445.244140113135,10319.13209771753,17667.498162041895,16292.133513663466
2025-12-03,8108.167942965443,7296.588396337668,11429.51289129701,10336.836772125569,17686.02865557221,16320.086147328802
2025-12-04,8181.744319491701,7277.554362920301,11504.608701834444,10309.871883075602,17770.099994351833,16277.51322855782
2025-12-05,8103.1539427275,7306.434505324241,11425.521221401019,10350.785430855703,17678.605497245164,16342.108678702169
2025-12-08,8182.987533475639,7386.095184773636,11509.002114320105,10421.971384459293,17722.353584942866,16396.616258747297
2025-12-09,8215.7524147803,7378.949127159032,11557.572219828358,10411.888112296134,17808.339875999878,16380.75250915589
2025-12-10,8276.464731322092,7436.274328906207,11643.173716474139,10492.775454967945,17976.217776663845,16508.010459600577
2025-12-11,8312.323283432266,7407.1225257169135,11700.641645665575,10451.641506508884,18062.5961537294,16443.295489350705
2025-12-12,8148.335032308124,7303.644746702738,11473.973753459799,10305.631683343277,17727.021246960634,16213.582035711415
2025-12-15,8241.609947875435,7393.723533922414,11549.925138354643,10391.632595447847,17676.512073527196,16191.557635170828
2025-12-16,8198.507684683454,7362.875638257032,11491.419143486595,10348.27690374168,17590.569324767774,16124.003651268375
2025-12-17,7992.634336161433,7285.024823573849,11234.791939283215,10238.860172140578,17256.065424603436,15953.517705032426
2025-12-18,8109.073234222685,7344.521048595353,11397.497470703178,10322.480138237901,17501.804547813193,16083.808829942764
2025-12-19,8222.132583606215,7421.616951914355,11560.90344336902,10430.835867016445,17789.504505359688,16252.641591446214
2025-12-22,8303.983920158973,7479.061315779178,11681.829168648199,10511.572010479707,17981.477277181326,16378.43933382401
2025-12-23,8280.494468781964,7476.298553928633,11633.045330749725,10507.689040556927,17882.922329555688,16372.389145778689
2025-12-24,8268.221631961527,7483.794221525485,11617.072853682437,10518.223952143318,17867.258404901317,16388.803951302816
2025-12-26,8297.972049623899,7489.479633754398,11652.556879539314,10526.214609998655,17904.307829262398,16401.254468198913
2025-12-29,8212.037745019346,7470.793054189827,11535.888817422177,10499.951243724583,17796.61477569852,16460.332620278063
2025-12-30,8212.689671500755,7461.58188702998,11515.821067395056,10487.005254540483,17727.094459010135,16440.037736699804
2025-12-31,8150.003935999302,7422.430563747498,11422.948022500177,10431.979371396415,17489.006804948847,16353.775970501867
2026-01-02,8248.078817066642,7434.026884750181,11514.312016597789,10448.277615003428,17641.201803912478,16379.326042561304
2026-01-05,8402.48826380462,7512.820599447634,11729.478018920889,10559.019561224412,17979.198573166286,16552.93154105386
2026-01-06,8430.372850453416,7550.866716112343,11768.97774615794,10612.492113213852,18135.703281540944,16636.75821523269
2026-01-07,8383.812052581301,7543.720664850793,11710.854038352581,10602.44857576245,18073.456050142184,16621.013383347577
2026-01-08,8290.980420635622,7550.361271662715,11598.430080018958,10611.781727845257,17927.701465553575,16635.64457392291
2026-01-09,8391.416790998297,7612.630100428809,11738.976963276204,10699.298496320209,18168.711893862786,16772.840936602268
2026-01-12,8466.59385714261,7646.985086111955,11843.10978232455,10747.58328644026,18339.312520315507,16848.53497435805
2026-01-13,8458.537687557522,7603.395852258504,11850.528340928202,10686.320067543324,18276.840830019282,16752.495198836692
2026-01-14,8410.97711966541,7581.91367231923,11777.544425965372,10656.127577892603,18196.912254638577,16705.163700742152
2026-01-15,8532.209938658083,7600.0822938924775,11913.526615795989,10681.662971431284,18348.61286006737,16745.194464836182
2026-01-16,8546.221824429718,7618.123437543777,11895.685168698605,10707.019198989137,18308.384986704186,16784.944357946133
2026-01-20,8527.215124906148,7443.722538493451,11817.121653373066,10461.904533971992,18316.363092274045,16500.688391167085
2026-01-21,8517.72195369389,7472.666497634968,11808.050667517397,10502.584306197226,18296.918489167005,16564.84919889885
2026-01-22,8589.854122356084,7547.024325109179,11909.213209640197,10607.091760413296,18505.66551586148,16729.6800794497
2026-01-23,8520.129558233906,7497.325773760515,11792.221702021016,10537.242098903529,18364.42148738496,16619.51204120594
2026-01-26,8501.61950712819,7469.409334289828,11766.603745028588,10498.006471411982,18276.191583813114,16557.628962368086
2026-01-27,8568.641985395756,7487.786678646114,11799.92408853315,10523.83521788247,18349.146464251873,16598.366487324467
2026-01-28,8489.929398519442,7399.090934054069,11671.380838240211,10399.176297873968,18145.44847732261,16401.75238254456
2026-01-29,8489.627840146866,7408.990505885567,11706.63211517227,10413.089816935531,18121.194701615168,16423.697014300084
2026-01-30,8239.80656095408,7394.324746045594,11360.837004611798,10392.47757909747,17525.12738152235,16391.187052800622
2026-02-02,8409.145387937308,7504.176284194153,11609.093926337882,10546.870263547637,18085.21199573077,16834.697741290984
2026-02-03,8476.993537525555,7472.552271512196,11653.998695009608,10502.423765179536,18205.34498664634,16763.753153276866
2026-02-04,8228.597159345201,7425.389453621215,11364.489805674395,10436.13799273477,17767.868383202964,16657.949164437403
2026-02-05,8204.380500283663,7341.6619908391995,11292.70813348922,10318.461827621497,17600.26228340391,16470.116886090043
2026-02-06,8499.029970449663,7497.610803331371,11717.060166163088,10537.64269848851,18280.85040944775,16819.968891425884
2026-02-09,8616.60692313082,7503.239578053215,11978.41338816845,10645.553754210783,18726.69376254502,17032.596356121197
2026-02-10,8543.44706804051,7434.247184790603,11893.385896818625,10547.667737981597,18584.457571356375,16875.981393495982
2026-02-11,8734.15905490779,7441.553461964151,12081.467886651344,10558.033842593486,18781.68841522688,16892.566878827805
2026-02-12,8518.876448393577,7334.952486114206,11747.09572563613,10406.788982709064,18291.82293121118,16650.579218173654
2026-02-13,8686.618689009878,7344.828080752771,11973.673673054333,10420.800420366892,18666.26636647223,16672.997137194576
2026-02-17,8793.71940473574,7468.204077921368,12296.19061937399,10753.966152558685,19079.40096153156,17126.061406308298
2026-02-18,8808.12369677468,7504.581026372337,12333.205855190265,10806.347751708015,19169.79638263706,17209.480906692224
2026-02-19,8894.481129706535,7524.7953322617,12423.529562932983,10835.455681682017,19292.12600970238,17255.8362874953
2026-02-20,9005.007816033609,7591.902689062492,12568.481419550995,10932.088049530254,19510.62130752143,17409.72666078907
2026-02-23,9171.514011507488,7772.724696586619,12758.658681332645,11160.475693488137,19543.208629551507,17436.428074391788
2026-02-24,9356.379520663106,7856.368898212781,13027.440351132016,11280.576316575938,19922.743865025517,17624.065764188646
2026-02-25,9426.917001492913,7935.184445515974,13125.099007647399,11393.743710801613,20095.320859484193,17800.87141154413
2026-02-26,9490.106482587462,7864.440227239279,13231.78200836993,11292.165543639896,20206.882987002406,17642.17204654509
2026-02-27,9518.747464951774,7834.721211457993,13243.785809782754,11249.493460656295,20186.51573266071,17575.503857288408
2026-03-02,9531.941083924332,7868.228921555133,13361.280876087132,11397.605544729953,20347.109954693668,17750.67116345878
2026-03-03,9330.189854729852,7840.32922713212,13105.131458885397,11357.191149696166,19908.680543193488,17687.72964177692
2026-03-04,9513.7579738799,7953.4607880191215,13373.245185850541,11521.069059007783,20292.082433365136,17942.953677012174
2026-03-05,9304.29748853935,7893.227868598052,13103.111398890907,11433.818031716475,19862.151438277044,17807.068618694982
2026-03-06,9161.941632004531,7808.26007280361,12902.142856878914,11310.737039777208,19571.04754325112,17615.381846783803
2026-03-09,9529.72360991126,8034.628443853548,13242.573675834645,11493.789269309009,20161.76309289302,18000.468036107086
2026-03-10,9440.086061762142,7956.826038169803,13100.392522928109,11382.490475366852,19962.169233538043,17826.162562440306
2026-03-11,9380.760420590284,7950.901393180611,13015.94254820398,11374.015083943703,19853.79135617653,17812.889218999662
2026-03-12,9237.721455938246,7876.35342586891,12802.328630452912,11267.371866684352,19539.71117369102,17645.874862066008
2026-03-13,9139.005839496822,7846.417862760873,12685.120927499995,11224.548099981725,19376.985763461955,17578.80839463262
2026-03-16,9448.314398630573,8086.269233408251,12984.759814671894,11424.609894310826,20002.340622388947,18092.12594811198
2026-03-17,9435.109594393249,8062.112644485225,12977.043717069915,11390.4804834717,19999.590479480892,18038.07827338623
2026-03-18,9269.058462113584,7922.100330129684,12739.638329360081,11192.66539399842,19593.654398044597,17724.816328663735
2026-03-19,9296.82540515535,7954.283195624529,12767.089260409295,11238.134654660756,19632.09020998098,17796.821902445314
2026-03-20,8883.685476174856,7763.671451601361,12232.644415517361,10968.83063399546,18817.310078354443,17370.349374693113
2026-03-23,9122.279064219998,7856.997322520607,12660.44285126775,11200.685218294257,19504.552249844117,17779.155606856697
2026-03-24,9132.202608685837,7798.939280392781,12663.054858466596,11117.919521989346,19492.15591158113,17647.779341491125
2026-03-25,9194.230443470291,7837.302785828615,12765.365590148262,11172.60931385493,19674.737023095095,17734.58995180063
2026-03-26,8949.604868819803,7732.74147849404,12420.54280514891,11023.550043322788,19147.05894656533,17497.984073340005
2026-03-27,9010.594617205428,7618.283480060305,12433.265912791501,10860.382365067682,19138.552574406698,17238.9835313938
2026-03-30,8857.284362109667,7621.277967624851,12444.29072989235,11064.651211196015,19075.688102224973,17445.759588224093
2026-03-31,9260.19871776782,7864.71389796431,13014.652161343156,11418.074045649926,19910.734948394955,18003.00533281952
2026-04-01,9349.676840923044,7845.784025385285,13104.730006098267,11390.591458287408,20033.37651779344,17959.673229273074
2026-04-02,9342.18889051297,7841.760374552093,13078.28312324358,11384.749879846886,19997.31176700862,17950.462747067726
2026-04-06,9413.606213485667,7933.983851305061,13202.827343670617,11518.640889739212,20166.297594993513,18161.570203147545
2026-04-07,9389.377435328579,7916.005889819828,13190.544022129412,11492.540296877041,20144.988208886363,18120.417105820554
2026-04-08,9599.979319914022,8016.627862672719,13484.821911952802,11638.624331408935,20563.02336633745,18350.74944052103
2026-04-09,9673.205274732292,8081.721991634454,13571.95239504925,11733.128669909354,20656.79134569981,18499.755490332544
2026-04-10,9684.060718610348,8054.339230665309,13561.412662510518,11693.374090610423,20629.21341732394,18437.073999543354
2026-04-13,9794.897714305533,8144.269724466016,13734.220893362282,11823.936123826166,21085.24728467864,18842.932620782747
2026-04-14,9839.659192669564,8177.867949493379,13798.61590753745,11872.714378972121,21184.664220934807,18920.6669188582
2026-04-15,9793.840440150256,8221.05891814401,13761.904182029777,11935.419479825683,21109.75477654469,19020.59540104799
2026-04-16,9751.866338403795,8234.454100248928,13714.273263249645,11954.866745563915,21087.142763304237,19051.587070330235
2026-04-17,9921.18755284254,8352.671318395069,13983.82059003264,12126.495741580264,21496.415733063648,19325.099509321837
2026-04-20,10176.323332823962,8565.434899884149,14080.276693656999,12145.026042926345,21580.593607052673,19354.6298802618
2026-04-21,9957.151774207949,8478.185949462664,13807.0327478039,12021.3147792868,21185.41542616137,19157.480387844083
2026-04-22,10047.341976949974,8593.309262763116,13931.12903042353,12184.549414133055,21450.339655266613,19417.615354201695
2026-04-23,10029.398515479194,8587.90874666439,13873.348202411413,12176.891961892637,21328.062588830944,19405.412238834528
2026-04-24,10145.965860329508,8670.871512709995,14016.610416566202,12294.525796717615,21527.215626557183,19592.876582376168
2026-04-27,10164.41616320937,8669.064331058558,14118.001479389415,12391.963373620885,21502.086205931726,19588.79303817803
2026-04-28,9897.244641512922,8614.35755854226,13793.99391719091,12313.762970968182,21045.35536064137,19465.176508909804
2026-04-29,9835.915577489954,8617.166750620348,13719.3522451177,12317.778560657189,20945.573139358083,19471.524216127178
2026-04-30,10106.25496491291,8727.583166422535,14093.446296707129,12475.612916040282,21492.62118621886,19721.023381731167
2026-05-01,10075.709536076143,8718.618130752986,14063.925710560556,12462.797877482748,21474.997181785602,19700.765805872437
2026-05-04,10148.898171980822,8788.512531134436,14215.070683545862,12619.763534494037,21710.145081228013,19932.738584283456
2026-05-05,10499.673328867253,8885.298817759807,14624.430970999998,12758.742690098232,22224.327754977003,20152.254201176824
2026-05-06,10567.616341836356,8990.472450348358,14757.28880491813,12909.765558715559,22575.753421510977,20390.79269297737
2026-05-07,10350.591994842565,8938.754403346245,14492.386816762142,12835.501623684422,22181.838940127825,20273.49385459821
2026-05-08,10382.63888579051,9024.729208982399,14533.09098828781,12958.95615745321,22276.904137301455,20468.48855017485
2026-05-11,10566.953611534997,9116.632605966088,14731.931660199143,13047.329933432185,22507.960423084794,20550.12509324478
2026-05-12,10504.379850123354,9094.251637865033,14632.758455184454,13015.299260741374,22384.270366220295,20499.67535877993
2026-05-13,10506.416670583825,9179.820172694055,14614.500122956782,13137.761243590618,22367.07833132807,20692.55842984186
2026-05-14,10589.178457526717,9267.598688247994,14729.944073195626,13263.386055184936,22513.849550981256,20890.423096884853
2026-05-15,10367.586948458533,9198.488108891273,14449.811240894678,13164.477985755038,22065.413365552315,20734.638487322132
2026-05-18,10442.28391857581,9429.751564397044,14418.660211795977,13309.220889903227,22113.28581278728,21005.110551872618
2026-05-19,10223.572923471176,9334.195687948359,14125.830417524448,13174.352621285676,21713.931753721296,20792.25640243098
2026-05-20,10450.045100177245,9468.878012820123,14446.524769675576,13364.444247713234,22217.37651712836,21092.26612209272
2026-05-21,10460.102767651362,9472.788908075305,14483.450472812083,13369.964114114062,22296.853496644122,21100.977781846515
2026-05-22,10461.38333926181,9513.458697513935,14508.566481067135,13427.36575481351,22351.91648593656,21191.571199652477
2026-05-26,10909.711124813934,9763.260847832102,14956.837102482488,13597.65687699739,23177.03484253829,21602.507279570396
2026-05-27,10832.538291902027,9762.023433920293,14901.754714554718,13595.933484572473,23090.90004214406,21599.769337457168
2026-05-28,10918.819684451159,9831.868558231308,15022.344534248994,13693.209389591779,23321.025027816388,21754.310922475477
2026-05-29,10906.231642550238,9826.820169144245,15063.791121684795,13686.178310154553,23403.72490612012,21743.14069321467
2026-06-01,10985.129335982476,9956.909347315766,15273.805457948147,13928.084628838853,23633.569546238028,22009.716983720205
2026-06-02,11075.022830448364,9981.928266356277,15361.99764992142,13963.081996954117,23798.696404115293,22065.021226042016
2026-06-03,11062.630409874839,9923.300507214064,15317.144266389301,13881.07136871112,23709.719884889902,21935.424747747507
2026-06-04,11166.796692771768,9971.680215074484,15447.366875617596,13948.74665246572,23819.053721720236,22042.367940722335
2026-06-05,10735.119598711311,9711.609965431484,14874.266151585396,13584.950988558478,22883.314363080168,21467.48346695026
2026-06-08,10828.326706564456,9809.67017522743,15008.665716225421,13722.121153829472,23138.841249441317,21684.245254136244
2026-06-09,10783.51283398177,9775.915544840269,14972.149899183729,13674.903956981709,23084.408804524963,21609.630749193322
2026-06-10,10495.791083560262,9616.024568473646,14587.872336900302,13451.242680922955,22532.285921018247,21256.192245805847
2026-06-11,10931.106618674212,9779.241308962884,15168.966791674733,13679.55615602657,23442.64192003989,21616.982340388953
2026-06-12,11018.387490748517,9797.877529627263,15292.50136756217,13705.625174988278,23599.889205161715,21658.177647904704
2026-06-15,11279.96557776072,9947.338156915443,15644.130907046881,13914.696101812604,24145.161888199385,21988.559897262927
2026-06-16,11241.942337685494,9895.608620774066,15599.174853917153,13842.3349571988,24045.179191442727,21874.211919345693
2026-06-17,11153.21928202045,9758.776906844436,15468.333648829834,13650.929810778063,23844.73361818299,21571.745843484467
2026-06-18,11405.519630085151,9948.157108425728,15822.985960202112,13915.841680781368,24355.14292158204,21990.370187016106
2026-06-22,11682.646623838165,9955.42192484138,16141.209845686026,13926.003968527559,24761.749398486045,22006.429040990733
2026-06-23,11382.98475551711,9841.438491396428,15777.947700358527,13766.559822565248,24230.732122352525,21754.469017709776
2026-06-24,11435.207326190332,9878.017981497896,15884.242889994506,13817.728535269296,24378.533250374017,21835.327866219748
2026-06-25,11647.436079693358,9914.362100142276,16182.092854530129,13868.56800187305,24835.7006394392,21915.66642685967
2026-06-26,11506.264459522588,9836.186336943649,16037.334396331693,13759.21291910853,24653.422749586425,21742.859146711846
2026-06-29,11588.094985110254,9977.219984238644,16174.95583674159,13956.495881774856,24894.56637058727,22054.613583140603
2026-06-30,11654.704950384685,10022.856434972244,16271.491618136006,14020.3337983216,25044.070854362395,22155.492814812907
2026-07-01,11455.027055535467,10016.959424764185,16025.253831383117,14012.084847329883,24692.28796285641,22142.457492183956
2026-07-02,11287.336957074258,10034.853178519013,15823.237828591971,14037.115276746423,24443.370931580343,22182.01157891734
2026-07-06,11391.174545504962,10069.56714512597,16038.571534866653,14185.674427767988,24788.01576539511,22458.74669357492
2026-07-07,11132.399759168797,10018.164363811651,15701.058353239612,14113.259883041543,24325.709145945904,22344.100053034635
2026-07-08,11112.990154889998,10020.466702127469,15671.874325548199,14116.503341404752,24271.362739891407,22349.235093329084
2026-07-09,11323.642547428457,10089.159224269686,15914.866722560315,14213.275103357144,24627.424468360416,22502.44405775628
2026-07-10,11249.751287618747,10122.575892794017,15820.919024052928,14260.351404981117,24485.081770842913,22576.97521514514
2026-07-13,11057.26547279824,10070.571741164136,15639.090459274703,14287.089669567706,24374.75694677991,22760.98730308925
2026-07-14,11208.569148932915,10124.194421950098,15817.95701277189,14363.164004610682,24671.759386694535,22882.182522973144
2026-07-15,11089.649499521569,10128.450876684483,15685.44620801842,14369.202624068206,24416.975978480416,22891.80274262457
2026-07-16,10799.440754035984,10033.518124996934,15313.734402680315,14234.52181638429,23874.01170604547,22677.240629236774
2026-07-17,10779.12621327743,9956.435325738914,15311.95056551695,14125.164682222878,23866.46967273506,22503.022058504903
2026-07-20,10943.096649817664,10055.150760696093,15531.494787170748,14323.342273681945,24040.662434227153,22700.118750790003
2026-07-21,11163.68488640914,10147.482752886688,15826.484982388733,14454.867176533353,24553.207542315384,22908.563878775174
2026-07-22,11220.187500863385,10148.414107120729,15872.037712333928,14456.193870263729,24572.686670400217,22910.666468006795
2026-07-23,11192.517137121411,10016.116246578822,15813.879730120945,14267.738462312553,24486.638905477812,22611.995944187733
2026-07-24,11057.897136308524,10057.07056053493,15686.476132130496,14326.076986551303,24311.411966570315,22704.452816519744
2026-07-27,11018.433793697399,10043.22656834072,15692.908238474114,14306.356522547232,24403.81067829907,22773.199156154762
2026-07-28,10844.213979047123,10089.877420768642,15510.704325521016,14372.809641211148,24142.9368505707,22878.980813664544
2026-07-29,10599.747534847049,9919.710054080226,15155.569095333223,14130.409950257079,23629.264157030877,22493.123210522375
2026-07-30,10878.036022817063,10015.047428785527,15490.906928996892,14266.215954749423,24282.266586996295,22709.302444000277
2026-07-31,10783.669042645903,10037.877603180335,15373.720302893978,14298.73703870004,24053.245257405393,22761.07028023546
2026-08-03,11065.088719629313,10262.780128766472,15716.122300665242,14576.657953800639,24669.403563578773,23344.28903179149
2026-08-04,11195.213312808437,10481.095987005352,16016.5396135895,14886.741142908297,25248.348532203516,23840.882394506807
2026-08-05,11259.427609971424,10437.420889547828,16088.869987078657,14824.707566357945,25279.555388594697,23741.53659485528
2026-08-06,11136.339667495367,10398.269671507784,15856.98410636193,14769.099445879485,24937.80726357014,23652.481062299175
2026-08-07,11327.894895414107,10491.482645110971,16091.970696098482,14901.493749959118,25396.75877411002,23864.508463257156
2026-08-10,11330.333985780304,10559.594090075614,16183.290403676698,15056.201094990465,25512.9928428564,23991.97298688415
2026-08-11,11338.575704785924,10534.975429059523,16213.645940991724,15021.099034458039,25538.158970462584,23936.038047999853
